swerik_person_id,name
i-14317JnQPTgWq1zhQNz5cf,Mikko Latva
i-14fxkLqzdcadwNTzSJwBCv,Pekka Hakulinen
i-1764P2Vnu3yRnSonnYBdyo,Alfred Hackman
i-17htpZDs17EUXFq4uXyrgb,Brynolf Roiha
i-17rHdCAokyZJRHvnBtWfiy,Matti Kulkas
i-182iQaw41tqTySDbhb38Sp,Juho Brusila
i-1YXQKL3Er4LUeCEH813T9,Frans Arvid Snellman
i-232oBiwo9Msdu9iGgYgsy7,Karl Henrik Råbergh
i-24MJDgsqqgCgQM9j64vDZY,Johan Abraham Maunu
i-254g857EoqyeksFi9ULpYn,Tuomas Poikela
i-25WDyXxu97AE9nCuf58dk9,Carl Gustaf Munck
i-26xiTcnRwiSfZaD1uCoG3H,Martti Levonen
i-29jAvqcdVSDmnMHm7GL7zd,Josua Johansson
i-2CJtkh9e4uShfgLaoscF6f,August Johan Frosterus
i-2ELCNXniPoUbrhGohCTZVH,Waldemar von Frenckell
i-2F6oVsrG3mDJDsy2mxCob7,Ludvig Alexander Wennerström
i-2FYsCmQMwS68T3RySi3Mpc,Alexander von Collan nuorempi
i-2GsZ4BooHWCQvrdPTMX1GL,Karl Viktor Hjalmar af Forselles
i-2GtDchQB42K4xYbTq87cVq,Hugo Rosenlew
i-2HrSoCSC4HZ2SVh4Nh66Kx,Adolf Fredrik Sirén
i-2J1cFCU1ntRSDLK69LyixZ,Vihtori Hosio
i-2Ji5aehRfDbxVmrRpEzJLv,Edvard Waldemar von Christierson
i-2JpLXsMwopWLZqb1nASqEs,Atle Genetz
i-2Lagjiv4piKgWYsSBqwUKU,C. W. Åkerlund
i-2Lagjiv4piKgWYsSBqwUKU,C. W.  Åkerlund
i-2M9Q96JhxJvPjW2FZPFTCY,Anders Svedberg
i-2N84i2GCAKRZCDmnxUA3sR,Berndt Fredrik Finckenberg
i-2Ng5Yiz94qvSG22vZM58eP,Magnus Björklund
i-2Nv6cX45TaPfoUjwp4kCNm,Enok Nohteri
i-2PANodj2adQVJutav5GHPK,Daniel Woldemar Åkerman
i-2PT41UyWuKo4xm1qXeaPnb,Carl Gustaf Wolff
i-2QuMhjdBvRwN4UjQH2UEkH,Axel Wilhelm Wahren
i-2Ss1PMTbudt7KdQFdTRFcG,Pehr Adolf Alf af Forselles
i-2TJ9oUcw4dzh1P1QpjGfP7,Johan Erik Keto
i-2TXUUfxhbM1mKyn8oqUGzY,Oscar von Konow
i-2TmKiLYSqwWZHXSS1TZEeE,Herman Adlercreutz
i-2VUbjQp4iwPVbhLEqfvijy,Karl Julian Karlsson
i-2VhaeA75HNF4Pr6FXDXgtW,Otto Johan Blåfield
i-2W4vYEoJYZJJk2NotrpeYd,Johan Julius Frithiof Perander
i-2WTpAbUHcxdqr6EZLuThwv,Henrik Riihimäki
i-2WWyV6tYwf1MCC9zgsfC2t,Gabriel Paunonen
i-2X7N1Zp3Fhx6CZv8Ja21nK,Torsten Thure Renvall
i-2XhKnDrvwR1osJ5ryzubot,Gustaf Johan Silfversvan
i-2Y28YhcXXa6iFvLQQcnSZa,Esaias Tykki
i-2Y7nE87KujbGcxBqipXQGn,Gustaf Manninen
i-2ZVFdKNgodWAvp9mUf7Ku6,Carl Anton Reinhold Ludvig Cronstedt
i-2a1jEQVQLMgg8WcCkNCz31,August Ramsay
i-2aAsQDaQzvviNLiHAqhh6S,Nils Jakob Juselius
i-2ajE7JaFMbUYwaiy96tsv9,Hugo Edvard af Enehjelm
i-2dGWMbZNs6GoVNG5okZE2D,Gustaf Fritiof Utter
i-2dJVDxi9P9zCeZYiTSy5zw,Arthur William Forsman
i-2fdqTSk49fKzFFFCPWD78H,Carl Filip Lindfors
i-2g556HzWNUiGYftBbkrC5Z,Carl Axel Birger af Forselles
i-2hD21qWp9K67tPki4xh6zX,R. A. Wrede
i-2hVtHyiXzrjWbhZkz9yYBn,Axel Robert von Bonsdorff
i-2iqk4FNw5j22mweLdquaqQ,Karl Henrik Hornborg
i-2j5uWs1Zs2SyeviLwx93NE,Sipro Ryösä
i-2kQwUtoHSwnYeLTXmLck8r,Hjalmar Gabriel Brander
i-2ktSPbgkPX87zvzbvSM2yv,Pietari Hoffrén
i-2ovyX7AoGzjWAqK7ZaGgd4,Gustaf Adolf Silén
i-2pD791VLsqhv5WJ2JcdDCs,Karl Emil Stenbäck
i-2ubgZazdN7Hm8TmvgsEs2q,Johan Sundwall
i-2v1sP1pTkv6wpgJSg3UXcQ,Jakob Krank
i-2w9giVamyJ2nS6azpnMhFi,Jaakko Häkli
i-2watXZpWpYKRSDFLMhu5JW,Adolf Fredrik Simolin
i-2wsSQtqSdS2J6cPYxSWnfE,Mikko Knuutila
i-2wujEHH64hvykeQfmZCyz8,Severus Konkola nuorempi
i-2wujEHH64hvykeQfmZCyz8,Severus Konkola
i-2xD73P53y2xgGBX4mgMEoj,Henrik Carl Gustaf August Standertskjöld
i-2xbFzmJWLtL3VujRuxuuH6,Herman Snellman
i-2zbE3PvdvoGkzS28dDgVHx,Oscar Alexander von Nandelstadh
i-2znFq4zFPRn3Y3XsTtU4CK,Johan Strömberg
i-2znNEpx3EbGDV1yemS6Ho9,Kaarle Ojanen
i-314YX7oeCU1LCaEEZaEhSZ,Georg Viktor Berndt von Haartman
i-32w487iUhzdyQvB8GvE88D,Axel Fredrik Tigerstedt
i-33ykiPLUFubmKhcMAMuGRr,Axel Ålenius
i-34Prj111JniZxW4PsiFt7f,Henrik Waris
i-34gigkRr2uXshwGmQ4qktb,Alfred Kihlman
i-34mfTvfVt9Bdb5T1DmaSyQ,Georg Kasimir Ladau
i-39HLCE9yBTZGgTmRXc8MV4,Clas Herman Molander
i-3AAUZNqftJnZPhMYWGsWAy,Stefan Träskelin
i-3AtCF9sv6EHtjCstTrjHpC,Victor von Haartman
i-3D2uY3oEe1uqnw7DGCGVHP,Carl Olof Cronstedt
i-3D2uY3oEe1uqnw7DGCGVHP,C. Cronstedt
i-3DCQUuckGm7CmAsdTRYLPZ,Frans Oskar Möller
i-3FVZgVd1FfWRDxHRadp7JQ,Carl Gustaf Ottelin
i-3HAnjNFH5KjSBTNKDd3TXb,Johan August Ferdinand Kuhlefelt
i-3JveTGquCFAK9y99eTAdvd,Ernst Johan von Willebrand
i-3KmZ2JW55We9zqnwrRNCgP,Peter Snellman
i-3Lihrx5B9cVVqhbadcPAMV,Johan Viktor Segerstråle
i-3LrbQCv9wyK5t5xguHtg9N,Lars Olof Prytz
i-3NzetkZgoRr8VV7zjFi3ik,Simon Wilhelm Carpelan
i-3PE5fKCuiGvgujS7hty5ea,Eric von Rettig
i-3Pm2N36ePLqUGq4sbqCd2e,Kosti Vehanen
i-3QeX62WfBWmSXZfEa2V8Qq,Tuomas Tuomala
i-3QoJE2nk2uzndLypf2qBy4,John Hedberg
i-3Qx3Kq78Mhk3SQZyWMmLQk,Tuomas Poutiainen
i-3RMpW3iFEvgpKbFP34kXg8,Werner Söderhjelm
i-3SZWVADXp26LoEUsfMXtuW,Eerik Tensikkala
i-3UZR8F4MDTpxope8ME8oS9,Werner Tawaststjerna
i-3XKSNQXdti9jfHeuCR5iY4,Carl Georg Estlander
i-3Yk43jdTxsejGwRJvyRtn9,Gustaf Petterson
i-3Zr6LeVrErF9UF7ecwsP1e,Johan Alarik Roos
i-3ar8iPZ5CiM9KjHkxDUWKL,Ernst Jakob Waldemar Bonsdorff
i-3azMqGSRVZPNhg24uDkjHa,Otto Samuel Wendelin
i-3bvDg4jwac8mVz3EUo9zy2,Juhana Pohjalainen
i-3c3mMnWvqzrTpJhtECSCRN,Erik Berg
i-3dVVhxTjBDNPtjwMKrwZ4S,Erkki Peltonen
i-3hQah5EqNFdwtunyrvFwuo,Johan Arvid Hjorth
i-3jixTK21y3YVWx7rDjktd1,Joakim Fredrik Lindtman
i-3mroD8PP6BXregJQa4iQrM,Kasper Hjalmar Wrede
i-3nP1SqRS5aPNvyXZiEeovy,Matti Koponen
i-3nP8YuTqeTAw5agRhk1szM,Waldemar Eneberg
i-3ocbkCaKGJxUE9PNm413LR,Johan Solitander
i-3p1Nxw6gWRoVv2rt88vYC5,Henrik Pussila
i-3pBxWmein6Pp5EyVZ5sWeC,Johan Fredrik Barck
i-3qQ2rqBSKFC1Nnf3bj8fKb,Johan Josef Stenbäck
i-3ruKQDiwNgNwV4WyQ1b7yv,Fredrik Hertzberg
i-3so22gdMat8n2MaFav5XhX,Ferdinand Lojander
i-3unhb9g6v2qnZzyU7Qh1Vh,Gustaf af Stenhoff
i-3v2ZSphddKdKS1nPB6bQgG,Gustaf Adolf von Rehausen
i-3v3gbSH7mHSvBT2N9qxHtX,Georg von Winther
i-3vKiENeoA3CspmdF15oiTu,Elias Öhman
i-3wbkcRH6vFcWFCrAj2yuYD,Lauri Määttä
i-3yL9ZeppZFT8EE4mKY6xtA,Carl Johan Jägerhorn
i-3yRuVkrxYuHdk4Pt3aDdNL,Johan Mannstén
i-41d4zMw4hn2GPrzvCT2NuU,Wolter Ramsay
i-42bbqgxbvyzVXTAmjYWYGz,Gustaf Wilhelm Sandell
i-43CbwtzFU9fvE1ZC4NayXe,Karl Konstantin Fieandt
i-44XqmFJXMAvDCvwFoaKM3f,A. A. Granfelt
i-466ra1n3Tbh4r8eTuNGkPY,Fredrik Nikolai Onni Theodor von Zansen
i-474HvpA1ND4LbhnYkvxiwU,Hjalmar Lagerborg
i-48AqtYkQm7rn9USzASaSM8,Ernst Emil Vilhelm Wärnhjelm
i-48YM2b9BJr2htyWEZfcwUL,Carl Otto Alexander Munck
i-48bPgpGt4oMSMDPZWM69y8,Kustaa Pellonpää
i-49NneHoz93DCgq2dzhP6Gn,Gustaf Mauritz Helsingius
i-49ShqpNVqE9Mj1PyubtqSe,Emil Holmberg
i-49wxrLYQpVUaP1HQGn1g3p,Alexander Gadolin
i-4A9CR2nc4bk6QWfvH7vEuH,Henrik Gustaf von Knorring
i-4AGuGd38hf4KespK8MYj27,James Mauritz Tigerstedt
i-4BwLroNj7rxcFTDmwY5kn2,Juho Heikki Lauste
i-4BxrPp26pf8Z96Nxn6quS4,Yrjö Sakari Yrjö-Koskinen
i-4CppSWoBCwEztjhtLaZxaR,David Knuutinen
i-4EJpVLBVq7qJcHfe9xgeMh,Jakob Näs
i-4EfZwZYPcDqVAtpcDCJzjM,Antti Juhana Horttanainen
i-4EsxkwwngyfaYkKgEVEGwM,Harald Wilhelm von Hellens
i-4GaPQPN9o2DtPJqk8V2RRe,Emil Lindsay von Julin
i-4GpKxxaDYPL8zTYnJ5qrTa,Kaarlo Warvikko
i-4HmWYC5LwiRyMifTd63fj7,Axel Gustaf Leonard Järnefelt
i-4JLjd6bDZEbBMJYBuR7DMV,Juho Aapraham Mennander
i-4JaESVZ7PJrEMEm1tSderF,Leander Olofsson
i-4LUY2WFbrHNXdXqurbMDvB,Anders Blomqvist
i-4QDeS1k11PYNpY3RaZBkBL,Viktor Rydman
i-4QdpXawiN5ExRxSEBRW6BN,Aron Gustaf Borg
i-4RJVSLcF3nMJU7eedc7PSH,Carl Silfverhjelm
i-4SBRhbBz611dxdnMCTF7zj,Eeli Juntunen
i-4SWFcm9V5VnDnxkzpCaPXy,Georg Emil Lindsay von Julin
i-4SZHDeG2hZDajPY4oRm8bV,Edvard Furuhjelm
i-4TRQBc1LrNtRR6LsG2cKFz,Erik Wilhelm Savón
i-4VDyKAbfGyk5dYP2hRbCWd,Konstantin Lojander
i-4VKJZeErGTDM8EF8mkdp7N,Kaarle Wärri
i-4X7F9gkd9knr8n7ZKuTEt9,J. V. Snellman
i-4Z2hKQhRddVgP2niaVrbm3,Karl Johan Lund
i-4aGZ3L3M9xF4shrVymXs23,Johan Axel Cedercreutz
i-4aPM48yGQ361iaSozbN2rM,Theodor Wegelius
i-4bSe4pEDuXKFRxkZehKLfn,Kaarlo Värri
i-4c3gEuiKHjvByF6d2r7pSQ,Michael Hisinger
i-4c9Asm14jsJHGA4VeKgxVc,Carl Alexander Armfelt
i-4dMDRGTmPntuwcs7LN9WhR,Gustaf Johannes Winter
i-4daXyaPb4SkVP2g2ReEmWL,Gustaf Emil Alfons Spåre
i-4ewLb4CJJQuJNK5m3jCQ5a,Henrik Heikel
i-4hJfZcdKGCaVEoCZoUaDQz,Jacob Holmstén
i-4jWtzjmGyp5knhYQSbBe7D,Niilo Helander
i-4kXkdxF3rVbxcCs8VoMdhA,Kustaa Vilhelm Karhu
i-4pEgB7XfvwUQWFMZb17EBR,Kaarlo Pyydysmäki
i-4pNngQyqmP5Kg5wWKeSy3V,Carl Gustaf Bergh
i-4prFPBEjPh1Dck1Z3hBCHK,Konrad Dahlström
i-4qgpm6mYvkV4M6nEVsNkfh,Arthur Spåre
i-4quLjNLFHWHxz6QFw9C8bN,Axel Herman Hästesko af Målagård
i-4rABVLy3b8KBGeF9J7yYrp,Kaarle Ojanen
i-4roc5uHbzAkspAR4dugTxs,Walter Hoving
i-4tBRiwxoFnwzLd3TCQ26cB,Lauri Pelkonen
i-4uYMuK2CS64Vd4VXcM41TY,K. G. Göös
i-4vvviq517v7pCxu8qKbktJ,Mikko Heikura
i-4w4SCjpMTsS82yHL1Xu8jJ,Armas Gideon Järnefelt
i-4wkWiyCXSJJ4U9FizZzLhw,Frans Viktor Sandelin
i-4yJxJNJJ1BwQYoDiqLucKJ,Robert Montgomery
i-4yVsDwH7PWREgHakxAnZUW,Rudolf Bernhard Elving
i-51zRZGqytYdTUQd2T7oRuC,P. E. Svinhufvud
i-52AMUE3Zsum7wtpfzxbgfs,Lauri Yrjö-Koskinen
i-52UApv4BWXTp4mFaodcLRw,Johan Anders Gyldenär
i-54BETv5DN8FvfS7nZGfZiw,Otto Stenroth
i-54SfkVromhfR9VDTNCqXJe,Christian Theodor Oker-Blom
i-54pd7JegkLi7AJ9o4YTfQ2,Simo Uotila
i-54r13ERSDzuTFF59pPjUaH,Alfred Hedman
i-567gVPjPfpWGN2AoJtRfBW,Axel Cederberg
i-56qQA3iqYwQYgNMQ9bKbLo,Karl Langenskiöld
i-57ViD4iqKfXa8LCTZAUoCd,Johan Frans Sahlberg
i-58p2yq1prpUmoBHrSj7Haf,Karl Oskar Fontell
i-59ANsridheA6559gfvqb6H,Herman Hellén
i-59t1pDS3froDd22WYonNXi,Frans Ivar Edelheim
i-5Bat5uesTmUGyXukdGyWYK,Albin Lönnbeck
i-5C3y3vPwK2g3nTViCkVpL4,Emil Nestor Setälä
i-5CEB5WKnuEP1HVhoKubDG8,Herman Standertskjöld-Nordenstam
i-5CfC1LDFZWPPXweSotWY4z,Johan Teodor Durchman
i-5EWQY4MzankacfQX5u2dhf,August Henrik Uno Wrede
i-5EwiiZJg4fayJqXsvpUwen,Hugo Landgren
i-5EwiiZJg4fayJqXsvpUwen,Hugo Kalima
i-5F8eYxpSorqm3726pUDx7r,Fredrik Wilhelm Hisinger
i-5FwsSwAvDRACpPTMoKfgoq,Isak Höckert
i-5HQc6CAQGNSATTKMNeimw8,Karl Efraim Lilius
i-5HpoQg2YEKJzerzk9nBsRS,Osvald Wasastjerna
i-5JD6dgJt9dQKHWWoMp7Z8f,Fredrik Nauklér
i-5Jviq3qghZ9LsVGzeKvrnJ,Karl Johan Carpelan
i-5Kur5pRwoDYFaCowM5g3qa,Viktor Nikolai Julius Thesleff
i-5MPjVAbwqdX7wpyfj7xs8w,Georg Mauritz von Christierson
i-5PcgiwA1qrtSSB6nygYn7e,Rudolf Erenius
i-5Q2w5YAnQMjbk4mGw6uPBA,Pekka Tiainen
i-5QyT7ZCgVopTZskW7iy7sW,Heikki Lindroos
i-5RucDd1MZYJPEREpx2wcm7,Carl von Schoultz
i-5T6AsSRhL77pTpiwR9N9i7,Alexander Ferdinand Borenius
i-5TGtkJ2B6PNt9Twh6nvAo7,Axel Reinhold Cedercreutz
i-5TSspidDoU2K2pXp226J2p,Frithiof Neovius
i-5UZXZE7AgBvtFPnfZi5mE1,Wilhelm Snellman
i-5UumNNakiL8LoP3LGakghw,Constantin Runo Georg von Schoultz
i-5WNBVxJAEr72Fm2qc4LFrJ,Elias Hintsa
i-5WuVXuwKbML14xudb51yD9,Alexander Reinhold Frey
i-5X1QYE5wSq1vbEbT9M6276,Johan Fridolf Pipping
i-5ahKMDRNdvdeMdezNrmgyx,Matti E. Niemelä
i-5chqYNa8CF7yt72TUGFTui,Knut Uno Axel Samuel von Troil
i-5dPrEEkSz1FYJNh3fKxGLP,Johan Henrik Alkunen
i-5eHaLb2EGdmTb7vsazDFDy,Adolf Vilhelm Boije af Gennäs
i-5eNgUi2sAeHaoks6DnibL3,Johan August von Essen
i-5eevwT5GCkMCS1gcqgfZj7,Claes Uggla
i-5g8WJnGMjg684X2dzwMr2J,Fredrik Sundwall
i-5jCKzdcZnraicuizSYLqn8,Karl Jakob Grönberg
i-5jV2htC8TMVgqFv2bZ6tQr,Tobias Kirveskoski
i-5k9g3BpVLuXcY974wBrJ9i,Wilhelm Panelius
i-5kBUbZcc9W5nSQxVdQJc7R,Olof Cederström
i-5mY11xX6ZMjUz2PaHbNRcE,Niilo Kosonen
i-5mrB9FPRsk5QE1MSMJGM5v,Ivar Markus Tallgren
i-5p5n2oQzBFEtcLoN4697n7,John Dahlström
i-5r31KKuptPPS63eWzMAseL,Pehr Östring
i-5sfdpqYSfApKoQTFVJRDdT,Alfred Edgar Wasastjerna
i-5usRxb8stk7Y8Qfk8UTRrM,Jonas Castrén
i-5wGgfoitFJgsHxGLJqKGy6,Herman Erik Gummerus
i-5wKk1hTdoAVXButE7JRL3D,Karl Efraim Carpelan
i-5wge6QMG7pAdkdDzz7CEBh,Matti Pietinen
i-5x5MsqkbUXuBNqHADgKPVE,Oskari Lagerstedt
i-61Jz1Z6FGtCX4vUxYn1Rwh,Karl August Magnus Henrik Granfelt
i-62zYc11vmzdw6bHmhWj6xv,Adolf Fredrik Josef von Kothen
i-63KqkF6arwqNKP67oDuFkp,Carl Fredrik Tojkander
i-65PsEP61dd8KH7gyeVHWxs,Jakob Henrik Roos
i-65SvLz3peJAS3GfKEa4Jst,Evert Woldemar Walldén
i-65m2FMYgRq819LH5pjixSR,Wilhelm Ramsay
i-669G58xkbnpQCsVJmoyWfs,Julius Immanuel Gummerus
i-66ymQwCreeuuTbu7QJYwGA,Lars Thiodolf Krogius
i-688qkpJ11dghzcz2Rj1Pdy,Edvard Robert Standertskjöld
i-69MYJUh7yg3VUNsWse5CGp,Matti Junnola
i-6C4mGB67MVbR8ENmP4bBSw,Carl Ragnar af Björkesten
i-6CvfviQxrE8gzQpx2tTXw9,Berndt Adolf Carl Gregori Aminoff
i-6D2GsjXreTSdsxx3MhRbND,Karl Wilhelm Bruncrona
i-6DQ2gWnq9MWyAb4m57Z2yL,Gabriel Wilhelm Cadenius
i-6DuVyuC7kS7QorVNngNDKr,Carl Gustaf Bergstedt
i-6FmesMshK9tPHWFPZiuwp4,Karl Söderholm
i-6FpU4tS1g54mE21oZxEp2a,August Perho
i-6G56mBx8y9Bfr5Rh3Rq66j,Johan Fredrik Aminoff
i-6G9DjpxbMbfYHpZqppkoPx,Arvid Thorsten Birger Genetz
i-6GNwMk6f9pw7tuuwdRfG1j,Henrik August Wrede
i-6JMZzaoy2STkFfwYc6v1gJ,Albert Stigzelius
i-6Jfe7SU8pTvVo7bFTk3ybs,Heikki Konttinen
i-6JybuhLJX5Qmzhe4hT7PER,Juho Pelkonen
i-6LsjDJLouE7qk6Fkq8dG5i,Theodor Lindh
i-6M2yxGPyaMkNbCjQXWFxZC,Juhana Himanen
i-6QaodWBmrEpquzk5z6vnMq,August Carl Adam Lagermarck
i-6RRNWfsAtFAXWdUseP8L1A,Arnold Melcher Berger
i-6Rx4DzZ1HhADPNH7Dp7Wbj,Bernt Gustaf Eneskjöld
i-6SJ36VSykGCui6DgBkXMAq,Bernhard Fredrik Godenhjelm
i-6TCZkDoXEcR3Vy4Jn85179,Martti Kiuru
i-6VyAJEjFPGqiGUkstGADAg,Frans Gustaf von Winther
i-6a435wsx4cWSjxtKhsztTp,Georg Magnus Sprengtporten
i-6bLoZWCJmwV4MoZ8ZV4ner,Alfred Norrmén
i-6bp2LCwyEMQVzYLoeWF2Bh,Iisakki Arvo
i-6brmcd3QS7d2LaCGMdAQFt,Georg Herman August Wärnhjelm
i-6cJ9tYpD4rnGXjRHqAXMfk,Johan Fredrik von Willebrand
i-6cVKRtrRY14WZnaUYWPh2Z,Josef Joakim Simelius
i-6cWDpivCCHx8nsC26q3ZfQ,Frans Josef von Becker
i-6cguaohonQAAXcVFakM5g1,Johan Alfred af Björksten
i-6eNAyWqvwVhwshqVaFpBzh,Gustaf Viktor Eklund
i-6f9w8zr5djLvQDUEsC1Hgm,Gustaf Eckhard Maximilian af Enehjelm
i-6fQyo3ybLpsQGfLE4vh9wB,Alexis Fredrik Stewen-Steinheil
i-6hEw8csrknSfpmAmqBBvBK,Petter Sihvonen
i-6iTPdkYY4AY8UDvNKyak3d,Jaakko Hirvelä
i-6j68VR9CvfoQrbnp2hkgQP,Jakob Mölsä
i-6mPTi6W3Yx2xNN2gsPwhPU,Juhana Kinttala
i-6qhz6MNjaSJf4k4yzP7rko,Tom Hjalmar Carpelan
i-6rnaskjzpKMmf1BKqf1dSH,Anton Elving
i-6s9yv9SowA7sBkJvmExQWV,Theodor Homén
i-6suuzHSQU6bgefM53wxoHs,Juho Riihimäki
i-6uBc5itfkvswdCxwfNnXyC,Uno Saxén
i-6uGv5Py1DwPoEDrATVCYHQ,Fredrik Vilhelm Lagerstedt
i-6uejJqDBJbUVFdJWmQS9Sw,Frans Arvid Snellman
i-6w8r6hg5F7TLkSZb8KcURb,Antti Halonen
i-6wcYti4M8dnHXbFDVXC9t9,Alexander Kasimir Ehrnrooth
i-6wx4tZs3L9ZDfftTDUg18n,Lars Knut Prytz
i-73c2jZTBUrw8zLaqiXUvcc,Karl Johan Vilhelm Wadenstjerna
i-73dFa8UGNCPz6EYcxu2835,Lars Teodor von Hellens
i-75hgaLaGFamv4aEJpbukm5,Karl Arvid Krabbe
i-75pSkRZ6BxTGmjSBdZULLB,Salomon Jakob Finckenberg
i-75wZSbCtyaBEnWFzkpyG6b,Karl Johan Edelsköld
i-761jFp8QFs1K22nsTyPrT4,August Fellman
i-762s2i38qoq51A37VdxZFK,Gustaf Ferdinand Snellman
i-76wvRLqhqAr39bzB2aNLry,Gustaf Adolf Heman
i-7C59zrm2TZmNPtyGrwq2NH,Kristian Adolf Verner von Rehausen
i-7F4xdWsmn5h2gsuep9xE2v,Zefanias Suutarla
i-7Fgy1eMvbaMXrGoDJTECv5,Georg von Alfthan
i-7FxWCGCiKk7Yh2rkLEFLWs,Karl Fredrik Rotkirch
i-7JJadmn45jdfgAdP5VFGAs,Juho Foudila
i-7K1R7onuVdgtGFopJAhfsE,Tuomas Heikki Härkönen
i-7KrXmr4tdja7Jebn558nct,Juho Jalkanen
i-7KxQWYRijD5jxcyYeme3uf,Mauritz Hallberg
i-7LoVr293hXMohtVqM8oqWd,Henrik Johan Kuhlefelt
i-7MRs7cG8FJFsYgLLz5KXpv,Pekka Ahokas
i-7Mf1FukvWxDMPMyr22NKEd,Axel Oskar Achates Standertskjöld
i-7PQtvWecq1Ua58ZFrCtdTC,Carl Anton Björnberg
i-7QMm6kT5xukuSszLwj596w,Oskar Wasastjerna
i-7QPrpvHfP6MLkqYeqHy5Gv,Johannes Bäck
i-7RZX2rBfyVw8kirWSuwLb2,Gustaf Karl Kullervo von Schoultz
i-7SPzgxv8ewS5Hc1tGVg42M,Ferdinand Lemström
i-7SQ3hodNG3Z6hKJE5kVA7k,Björn Rudolf Wasastjerna
i-7Su6x7tWfCt4Pzqof8GtE8,Carl Johan Jägerhorn
i-7V9fMve5YNDUZciwzHQxXy,Frans Richard de la Chapelle
i-7WDqJ36fmBcNsdEcPvvoFQ,Heikki Renvall
i-7WN4oA9QrB6HTtmiqA8Wao,Carl von Knorring
i-7Wbnu64RFrVsQS3wmgmxW5,Kustaa Haali
i-7Xx35fG1eDWsJEU7FNDwuj,Knut Robert Karl Walfrid Spåre
i-7Zm9aeNVo34bpWApDSSkmX,Alexander Aminoff
i-7ayx42GEfCQ4FXf5XqnXHe,Oskar von Hellens
i-7bYbzEpoHYojLQLfN2b2aa,Anton Mäkelä
i-7cbszYFhoGcqA6j9sAaTGK,Berndt Theodor Munck
i-7gtxYc7PAsEZ3WK26gsMQF,Gustaf Vilhelm Arthur Armfelt
i-7jG8J9g1qE4EVZqJqnye6C,K. E. Palmén
i-7jLpb1DTcomASwUADLnGHQ,Carl Gustaf Sanmark
i-7mVSinwDyPtE8zhFEJep7x,Arvi Grotenfelt
i-7nQwnFEu5Yk3kSApPefrFA,Ivar Nordlund
i-7okXPeRPnEwup3QASuUY9C,Otto Edvard Könni
i-7opW91xqgWY1nubmyDoMYU,Kustaa Jalkanen
i-7pPnGhosJBATKgUE3yEKM6,Johan Oskar Terho
i-7pvtgkYBj65JtBKz3rwe8c,Ernst Fredrik Tihlman
i-7qwG4w9itd5BWSXBibBhxa,Uuno A. Varis
i-7r2DHZ8fkniPeRQbBRGNbv,Eero Erkko
i-7r77TsZ9KwmhJExgnCC3ao,Juho Wuolijoki
i-7rB9HBMPLd2PwDYtZ2ti9E,Kaarle Langén-Laurila
i-7sNfEShKSv93FkVwjokJFc,Oskar Nix
i-7sU3EJAqpGLKEaXLxNtHt4,Karl Henrik Adlercreutz
i-7suAnQ1yk1z5uZ9tjGZ7cu,Arvid Genetz
i-7tBzcdop95Z1XrJKrUj55e,Yrjö Halonen
i-7tpmaTpqfQz64F9tV4rJwK,Johannes Eberhard von Schantz
i-7txY9TGxvA9452DMrBpy15,Gustaf Adolf Ingman
i-7uMXAQGFUobfV6rguMPypw,Herman Wahrman
i-7uhhayYnnRhw5eHnoRhghn,Elis Bergroth
i-7vAC7C5Kk5aWg5YhiSZpDB,Fredrik Edgar Leonard Bronikowsky
i-7x5gXVj79xJqm8cJn4jspv,Henrik Eliel Wegelius
i-7xojrwYzrjfB1sGMS95KXK,Carl August Edvard Gripenberg
i-7yK1RckJEeJLB92G95c3Gp,Viktor Löfgren
i-7yLhYQui5h64ArrLmA5HiH,Eric Borgström
i-7zrSCjdsCXYncQRKdZRTxq,Karl Wilhelm Sulin
i-81Zkpqx4nbx5hBdZktoW1S,Torsten Thure Renvall
i-81mG7n9PvEMxCHFBNzHxss,Elias Lauko
i-82D95bTd5ouR2R7mb688Ah,Erik Johan Savón
i-83D8FaELLM87Hz9Bt9o7ZD,Georg Herman August Wärnhjelm
i-841LACBsbRyzoAKcfc9o5p,Alexander Gustaf Julius Hallsten
i-88G2sF2D3mAUmxa3DguhUn,Tahvo Jaatinen
i-88mbe5FKDz8YjRfmAVcP1u,Evert Magnus Ridderstad
i-88xomuoxptTm5PMhHSyv7n,Sakari Westerlund
i-893yjQTkC3raezZozvP5nd,Frans Edvard Edelheim
i-89jFrq7FjBEeRhr9LtLkMw,Viktor Laurentius Helander
i-8Aw9hmkGUr4yviJqVZp1KP,Karl Viktor de la Chapelle
i-8CWDYcThFfzGbqmvH1qv7L,Konstantin Saarenpää
i-8E6upeFa6s7X6k7Za6dQbj,Yrjö Koskinen Yrjö-Koskinen
i-8F6yZ5fv4PsFNEJFKjgVJt,Matti Paajanen
i-8GeeAGsycDjjsoq9W6d6Tc,Karl August Schroderus
i-8HZR2NvisVWTPQB7xrK1DU,Edvard Jonas Wilhelm af Brunér
i-8JRHeBzG9FhLBAfHWFdMKQ,Johan Carl Emil af Frosterus
i-8KUwA5NWBtL5TRcnFSuPTv,Onni Hallsten
i-8L8ihSMPg33RVce6ZrdeRn,Juho Alastalo
i-8LkpMrYhYHUCw7RiiDKYqY,Samuel Backman
i-8MKgbaiETPMa7snAa5atfp,Viktor Napoleon Procopé
i-8MTQrw9VruuDfFMpCcRgfk,Johan Olof Reinhold von Törne
i-8MwNLaJBXu8nAdT6Gqr8nk,Johan Henrik von Schrowe
i-8NLUfeFi4f6dm4dhXM28Dc,Adolf Johan Lilliebrunn
i-8NNRe1LusyHkG6BDLBZ7Lw,Johan Viktor Segerstråle
i-8Nqw1ci2HJgHqGKyao4gz6,Juho Torppa
i-8QS8NxWXnYbGNGay7eWUi3,Karl Oskar Wasastjerna
i-8QYakWUV2VeaBeSr6opb8f,Julius Grotenfelt
i-8R39Rs6JwoiEqL1LjiujJ,Axel Gustaf Mellin
i-8TL8oDdwcv5Rfdi8UttB5v,Isak Fellman
i-8VQqnGNtyopdxzqJosYc5d,Karl Allan Knut Schulman
i-8WEAdEX6W6PSz4dVAB2q1x,Nils Grotenfelt
i-8WEAdEX6W6PSz4dVAB2q1x,Nils Gustaf Maximilian Grotenfelt
i-8X1nwKUPMKMGEhCaJ33P2G,Juhana Hyytiäinen
i-8XNxnftYHEi8sGEojxrwPD,Kristian von Alfthan
i-8YeEziuDQVwm1GvFzc77Wq,Simo Joutsiniemi
i-8c2MfRHZBR9TdrUpFoRdqL,Johan Fredrik Vilhelm Standertskjöld
i-8ddXP3QtPr69f6uYhVcJDQ,Pietari Wästi
i-8eQY6NvFD14t75dYaVoyx,Juhana Koponen
i-8eiri4PHVg6DyL9rvPpUig,Axel Wallensköld
i-8f5tRtT5D15j7HTFKPzTBC,Johan August Lindelöf
i-8fozU89a5VmbroNCoe3k21,Olli Fredrik Eronen
i-8gBsTMzJRwtbuFPKfppaoz,Karl Adolf Nordenskiöld
i-8gwhDmAZHjAqSM8hKie1jm,Carl Gustaf Wilhelm von Christierson
i-8hkRHnwtDoBWMBMtRn1gNb,Ossian Schauman
i-8hwWSt9hLLAoqdEmjNSi6k,Victor Hackman
i-8jPmu3fvHohUUCeSGkkbXB,Georg Edgar Candelin
i-8mJQ5wHCNAfbcEDejmorgK,Otto Reinhold af Schultén
i-8mvPui7iCgMuPDkVv3FBCd,Wilhelm Thesleff
i-8n3nuTnzCqgxrCTWwYq1yu,Jakob Viktor Wasastjerna
i-8nkrbX44tFwdeyta5p3M66,Axel Grönlund
i-8nqjfZLHyegX2pFxRfwsvf,Karl Emil Blåfield
i-8pxfJdQC3EtDNSKhcsyFq3,Aadolf Tikkanen
i-8qrRwBURsh8DZrrsYhwTcH,Alexander Verner Theodor Malin
i-8qrRwBURsh8DZrrsYhwTcH,Alexander Werner Theodor Malin
i-8qsh7pqC4xy1uzUqXqL4u6,Carl Georg Rosenberg
i-8runLzZr3KN4su8JW8fxK8,Robert Gustaf Ivar Blåfield
i-8s1muuYkJkCuHXpZxcYW4y,Karl Magnus Holm
i-8szEC6gYbh13raoQapiDAe,Klas Erik Järnefelt
i-8tpmjoLjCwAvg1Z16Ymcr,Alexander von Weissenberg
i-8vaPG6C2FYVaveHA3TgTDk,Einar August Kalm
i-8xyPjYBT2s12KBdJzhtwhs,Fredrik Reinhold Ehnberg
i-94rK59UA38i4JL2Sug6o3i,Jakob Elias Granberg
i-95LiWSVCTALqsRCn79kA23,Torsten Leonard Lode
i-95QdUoEJ7M1gg4Cy6d3QMx,Johan Ludvig Snellman
i-95kqLStAkf79wjFbzwvEWA,Henrik Johan Wilhelm Zilliacus
i-96BNtQaSvwr9KuTw3K37Pg,Pontus Ludvig Dahlman
i-96gtHNi3JMykzgJTM4Hx9y,Georg Carl Fridolf Kuhlefelt
i-977pYss6B2QXmArbdaAc9A,Gustaf Johan Järnefelt
i-985PEcYLDmXuyQ4trfxpn,Antti Pullinen
i-98bUS6KbiDMJMtzt7fuK1Z,K. E. F. Ignatius
i-9AK7dPWyjYhWexSMJvpbu8,Jaakko Päivärinta
i-9BZsYbmWS7yEa4DVTcfyQH,Juhana Koivisto
i-9BsvhCCbJoxB6QVVgThqkj,Karl Alexander Napoleon Tigerstedt
i-9D2LibJwPUscnAJfeCAzVY,Johan August Florin
i-9DtdC6x5pi2pfrUoXBHv3k,Juho Mynttinen
i-9Dzc4G9y6rKN78zKhtTiwK,Otto Christer Boije af Gennäs
i-9EfV4uzcskNg6eMDJmJWxf,August Artur Jusélius
i-9FZDduUZPKfxMMbkLVwAqa,Karl Anders Herman Boije af Gennäs
i-9Fj91ko5X9A2V9Yf4tWMNm,Alexander Järnefelt
i-9HnBCGhbFTEXk76zm9ALQU,Carl Adolf Möllerswärd
i-9JWwhn8FEqrGcWpcwD2uFj,Erik Johan Örnhielm
i-9JYQQJa8gS6udXTpcpAtpY,Axel Gadolin
i-9LLh6mGQVjVanYHbQEP6bz,Edvard Bergenheim
i-9MPizvkX1LoAoUhNc7DgND,Berndt Gustaf Mellin
i-9MiqEpsW88NKxRdhD585EG,Rabbe Gustaf Otto Wrede
i-9NPbqrVhnEWt9rc4ue6aY7,Ernst Gustaf von Willebrand
i-9NbuRgUjosumWbUFQEtRjx,Samuel Werner von Troil
i-9QnzH3tsT5uUVRkYzhnCWS,Erik Pöysti
i-9T67JZDMoYXjzwrS37CBea,Hjalmar Johan Gabriel Grahn
i-9TQo34sR4SsRuzb8rTTykD,Yrjö Adolf Taskinen
i-9TS8gGDDuE6YKRByELCps3,Iisakki Hoikka
i-9TfojbbARyc5sts1fzmS22,Gabriel Johan Masalin
i-9WxSZn2XaTPYpzCwu6SqF4,Hugo Kasimir Nordenswan
i-9YnqBLMGaHBapiMMXa6o2H,Juho Pitkänen
i-9aDbyMZb3HGMW7gsFNVDFf,Heikki Hassinen
i-9bSw8ogaWR8y3VeYE83s1h,Juhani Alin
i-9bXKRcbNZcEMCDoY2xG6Cc,Kalle Juvonen
i-9cNGjk8nmAZ5wckaFxZGFJ,N. R. af Ursin
i-9d9rupBa8UeJDKSfpquqqZ,Axel Björkenheim
i-9dEtecWrB9KpuBkeP6YcXk,Max Oker-Blom
i-9dg76NYKpBg8v4pLegJS4u,Herman Viktor von Willebrand
i-9eGZuCKQEKyP2g7MzLLqxp,Frans Joakim Torckell
i-9fpoHmFM6CjhEHuaVzbMqT,Carl Robert Mannerheim
i-9h6okN8c4Eaw2Pw3PKzSBY,Wilhelm Pipping
i-9hHPWbbtgznfxec4dGcfyM,Gustaf Rudolf Idman
i-9jb7omAsinf5HbDQnJqHNR,Karl Langenskiöld
i-9jtVjCnqH9JnweAna4Vvxn,Richard Labbart
i-9ke1vqyxGLfkocb4LBaBab,Heikki Jaatinen
i-9ny5NiSBTsXytTLwVXN882,Karl Vilhelm Spåre
i-9o6BZDKt1PPEyqAU5GBdFF,Frans August Törnroth
i-9oAGbXKxe5dgbbLMbJ63tk,Allan Serlachius
i-9oxDi4BqdVHRsvWRKNPpdt,Arthur Castrén
i-9pashV7KkwGfYg8WYhns6X,Alfred Filip Danielson
i-9qPvWq1wFGkiUncHLpBr6R,Juho Siirilä
i-9sKLrfez1BQeoAsquLZ5Zh,Johan Leonard Borgström
i-9scE8GLLDQjMZAp1w2Xbym,Arvid Grotenfelt
i-9tbDnbqB7YsA4c84fGjvUA,Adolf Theodor Rosenbröijer
i-9tguivNUzbLPw7XBnebqv4,Pietari Wäänänen
i-9thAhg8ZLGWJfcGpsVfS2n,Matti Montonen
i-9vkyMVcmbACmYXjiobcPPP,Adolf Wasenius
i-9vuvSe6iaLrwXwh2hAz1V6,Robert Rissanen
i-9xUHPAc9cf8T1C3qtsfCqM,Viktor Jedidjah Alfred Roos
i-9yCuh5VFC9nkwFCb65mpa1,Henrik Granroth
i-A22VbgnxUPudCU4PsdfXhZ,Kaarle Prusi
i-A2GaSvBy1gWZzs8Xge9ifx,Hugo Oskar Alexander Magnus von Heideman
i-A2fa7zDugMgoGur3miP6wM,Oskar Hedlund
i-A3bUhmmU7zXynBpDrUyQCp,August Michael Schauman
i-A3iNU74qwgCMgUUvCNEK5W,Oskari Laine
i-AB24JHsfZmbjgiaW1jhHpr,Gösta August Sackleen
i-ABDvGmsKHsoRMRCJLhfgDu,Selim Osvald Wasastjerna
i-ABLF8gmTUdDY82WDDDAPc5,Fredrik Adolf Ramsay
i-ABctK3KggnFuTKUoTXHBqy,Carl Gustaf Fredriksson
i-ADfVS7eRk52CEC91t8k4DD,August von Nandelstadh
i-ADo3dxzyboJHdTWQddKbDD,Frans Henrik Bergroth
i-AE2jQwCp42q2H3c7Yw4f16,Axel Waldemar af Björksten
i-AE5UX4C5hvz1dFN1ErAFEX,Gustaf Adolf Heman
i-AFemGZFFfQwsEoFgxVNfFY,Jakob Cederberg
i-AHE3ySk5hTh2HNnKw9VDUz,Lassi Laitinen
i-AJ842ydXS7vgqvEHKBzHhk,W. A. Lavonius
i-AJPQWcxL1eHvoEv1DVLV5Y,John Waldemar von Bonsdorff
i-AKsnxsoVapWRnsPiZjSj3K,Gustaf Falck
i-AMbv6XaREqcEhBMpVdPC16,Josef Grönberg
i-AMw8Mgy5XNirhXZx9dDqkZ,Ernst Viktor von Rehausen
i-ANUxojotq7DijYTTSvqBif,Sebastian Gripenberg
i-ASEDaBg8bCZ47EA2Ncmhc5,Johan Fredrik Gustav Aminoff
i-AVxkEH2ndEP8Y9Rxbhajt3,Daniel Mattens
i-AY3QyG2gGZEVpLWyHUrhbG,Elis Gustaf Ferdinand Kuhlefelt
i-AYi31TTTpecT6X8KWsTfWs,Anders Keto
i-AYiV7HbSDVG5jNgjNsg7Z8,Alfred Oskar von Bonsdorff
i-AYoxgmS8gHJDiYdTBRU1Bm,Axel August Hårdh
i-AZnkerqXAUAGLvKWER21jf,Theodor August Heikel
i-AZxxB54asACcX6sEP5PAsm,Ernst Albert Gustaf Brander
i-AadCTC2BzQJMamTxWgzfdo,Georg Gustaf Alexander Rosenqvist
i-AbBzS623kguAxboqvMi468,Carl Wilhelm Ignatius Sundman
i-AcadzVECTWqSPpXBg9Ceq7,Adolf Törngren
i-Adw7hSqFhqRTF21aMdhwtq,Juho Koivisto
i-AeAKY6FRuKvjWSGR8TKYMW,Gabriel Benjamin Cronstedt
i-AeYQdyFLwTn8ciBYDRNroB,Alfred Brynolf Roos
i-Ag2dXchos5RbVTmHNpsiNd,Adolf Constantin Mechelin
i-AgCTsSPCdS4oz5dpEzWJuw,Claes Edvin Godenhjelm
i-AgcEUG25XRCYwbKjGUqhAY,Nikolai Thesleff
i-Ai2Vxnnt6x7heSv8ZxsABW,Fredrik af Forselles
i-Ak7N9dsY58qdazSR8az2qg,Wilhelm Thesleff
i-Am5M117G1VX7yJjQ9Nirc2,Robert Lagerborg
i-AoDGaMXUxZPU84yZTfL3Xc,Fredrik Ernst Gottlieb von Zansen
i-AovpAdtzwGCCHia2yCxBFW,Hans Henrik Stjernvall
i-AqNCzZorQgts4d814jQzws,Magnus Mikael von Kothen
i-AqV62fLqiqwcHy4Bm1fTdb,Julius Adalbert Joakim von Minkwitz
i-At8UeWaVLSrVHh5pXGXtHY,Johan Eberhard von Schantz
i-At9a8ncvtGPg92S7PgB8fA,Edvin Bergroth
i-Atxa2Kx8Acoj72bWbshGTU,Thiodolf Rein
i-AtzZDHHkMR8JK9m5A1frvF,Nils Bernt Grotenfelt
i-Au3rrHPYjxqFxpM5yc49pc,Carl August Standertskjöld
i-AufWqe4gwH5wra4K3X99qW,Fredrik Jonas Klingstedt
i-Aw4gJLPj64MCzSUx8SpjWN,J. G. von Schrowe
i-Ay8y6qphUDYbXoFXQgQvgE,Alexander Gustaf Walle
i-AyjRaKbfynRtsDXw51CRKR,Karl Fredrik Öller
i-B25euU6eTmVWcf2VC3ZBV6,Knut Anthoni
i-B7K44WE4uTopCniVGbSNrZ,Alexander von Collan
i-BAA6DXrSNMcvsehisGYrrM,Kyösti Kallio
i-BAU3baAe7zojX4UuSwFbCY,Oskar Aleksander Laakso
i-BAsdkUAfynNL2Jzg6L3dJP,Göran Erik Axel Silfverhjelm
i-BCmnuEz5aJnzUHzf4jVQdx,Gustaf August Wasastjerna
i-BEFpWcMG6eSPfMjZfo6dq4,Conrad Osvald Hjerta
i-BErd1xbD4tu5tZsqSXAGg3,Kustavi Eriksson
i-BErjhp3tUnzeux36oFRArJ,Aapeli Häyrinen
i-BFXGLL5T7vstV6eAeM3pFC,Pietari Haaranen
i-BGAeCdEhEejx8yNT2yysq,Matti Teräs-Rautila
i-BGmnCwGAP9Zt7Yd8H5Wx92,Gabriel Geitlin
i-BJyQJPdthT1RRdTugUdZuZ,Robert Castrén
i-BKn5P8moHXW7NGJY13Xq5b,Carl Rudolf Christer Schulman
i-BM1QN3ZJ5FqkktH9JwVhGK,Leo Mechelin
i-BMoWT8Xrb6F9Sd1pAiEukD,Theodor Frithiof Blåfield
i-BQTtemhRFxri8bkWA15fpW,Hugo Johan Wilhelm Wadenstjerna
i-BRoiG3xAGsA1EaT65kUat9,Zakarias Castren
i-BS1rKVRVpWVyF8aZNiP25T,Leonard Candelin
i-BSfxELZs3g9kkgrVdbhP6j,Pekka Neiglick
i-BThsfEh3vpoxkcnJ81XGHZ,Juho Heikki Filppula
i-BVXDm1b3RxFthPv2nGio2h,Robert Lagus
i-BZ8i7NmzmpP3su9DMKv4YP,Johan Fredrik Bergh
i-BZAwKB57hxWAxUW9igVcyV,Adolf Ferdinand von Konow
i-BZcWSDvtNyyk6RFdnt8wYX,Johan Axel Tammelander
i-BatWG7uNejqjtwBH4edeGU,Johan Lundström
i-Bc255J2cg5S3LZQwLqTD4Y,Pekka Leppänen
i-Bc9VryKJgRdQ9o8WmNiP9u,August Törnqvist
i-BdcCax9AbjJYKF3SaEwTau,Kustavi Grotenfelt
i-BeRvKqtBy9SWuixQwoec6u,Anton Viktor Appelqvist
i-BgDmVff4RSeFszcVttKU7T,Maximilian Spåre
i-BgRe1Jf11YU2kCDyNdfQZu,Otto Alfred von Fieandt
i-BhMbzimeFJ3hWrFCA46k9Y,Erik Johan Stråhle
i-BiLJE3xxrrRCyZeZCQjHcJ,Paavo Kasurinen
i-BjxmQY1CzA2Wn37fiD1ULi,Johan Mynttinen
i-BkfYGrQhuNkoLkYwAJNYb4,Otto Fabian Nimrod Granfelt
i-BmATyXPFLNiu7CPo7Haome,Aleksanteri Kilpiäinen
i-BnZAQWKX1K6S8Qb5ikFP38,Otto Vilhelm Ehrström
i-BoCjzxB1HqWMKLwoKMFc5u,Oskar Guido Tapio Aminoff
i-BomaSmZdrkS9SfScDXqfPA,Karl Johan Bonde
i-BrKJnQtih3hhFEfYd26FMg,Hugo Ferdinand Forss
i-BrZ1PXPwfSSdCK1yGsSzYn,Vladimir Alfons Walleen
i-BtKC4BiMQJZbVVYnLQwpf7,Iisakki Liimatainen
i-BtSnmoZRRAQCGZifMmfTuu,Axel Gustaf August Palmfelt
i-BtZVosHd2uL9vUhLKvDuFK,K. E. Palmén
i-BtkiybKfkP1KVCMNqew6TJ,Anders Josef Europaeus
i-BtxQggZEw3AuzJaJjHSSUG,Fredrik Frans Wallenstråle
i-BtyTqDgYHyDR8B3iubyn6A,Viktor Julius von Wright
i-Bw6JVg4K4gVgwPuaUH4W9g,Karl Max Werner Schulman
i-ByV3q8UYJxZUcqKajsXRpC,Mauritz Wladimir Armfelt
i-BzeGNjerrfRj5hBnkJBnu1,Arthur Olivier Blomberg
i-BzrNqqibkf4bK5hsMA9r4e,Christian Edvard Boehm
i-Bzs7yrrw7GC9b8QUnmsx8D,Jalo Järnefelt
i-C1erW2VL4DDDK4tT3v1qWW,Fredrik Frithiof Maximilian Gottlieb von Zansen
i-C2YSDtx3p1JrB819QRiS7w,Jean Cronstedt
i-C3DvrWyQ2EcBDMiprvuVyR,Theodor Frosterus
i-C3tFZeQMtsSkn3VQAU4bJr,Juho Brander
i-C4a3WTXNcs3RVBdmWXkxK,Pekka Kakkinen
i-C5N8HQPmJLpinDQjyVTdbJ,Salomon Ek
i-C6EPxSGo8zoNw6eBd9AeNi,Tor Nils Adolf Grotenfelt
i-C7gacFwYKBuChyxT82r3YD,Albert Oskar Snellman
i-C9KYhraNLJSN4TypRVTUUr,Lennart Gripenberg
i-C9Liy8FfDtnT7havRNLi11,Gustaf Gadolin
i-C9dmrUvwspHpLHXM6o1jJo,Arthur Hjelt
i-CA11FK6DFAdcRD28ckK5f7,Carl Daniel von Haartman
i-CAhqDoBcsxJ76kroHgGKnE,Anton Johan Thermén
i-CBdpqVDCbhmGYHAKYVJWxE,Henrik Piipponen
i-CCNrmbC6eeG1mBia8WfLFy,Karl von Guvenius
i-CEVumXnsAM6JuerGsXPqM1,Fredrik Segercrantz
i-CEp3RjrmexchFBpruvkhuA,Alfred Rosenbröijer
i-CFL7Y68fc6XBuSEp4v5zKb,Petter Johan Hämäläinen
i-CFM4Fw2rCrVGNA1oeR3pqL,Adolf Edvard Björkenheim
i-CGNfHCSmfYZ4tNvJeVzTTV,Ludvig Gustaf Leonhard Clouberg
i-CHNGvNVciPveECbeViCjMo,Johan Tandefelt
i-CHi1dmNTtAJXTkRBi7jcFv,Magnus Fredrik Tandefelt
i-CM2N1ripkWqmSaCMrmMPMn,Anton Lilius
i-CN9ba2YkypvRWcT57zJXWv,Elis Furuhjelm
i-CRi4mjW1YHACfcQN5mhvhT,Julius af Lindfors
i-CUH1897dUXkF8BmavDD7AX,Aleksi Korvenranta
i-CUNt4MfeMgrPQH48kPoQbT,Aukusti Mäkipeska
i-CVDaphfMZ6gK7wkELrJyYe,Wilhelm Stjernschantz
i-Ca2QuiRDT4tckhMQkbSfi1,Ernst Roini
i-Cc5prx5Y6fGy4RZqhPRyiV,Wasilei Ratinen
i-CfP1eF37sJ1qKcMK6SnTzr,Karl Johan Winter
i-Ch447cysQKzmWCS8pD5SXN,Johan Wladimir Furuhjelm
i-Chqg2d75JTMBvZikcSgGtQ,Petter Silfverskiöld
i-ChuomtmkLkdJ7EejCZL8M7,Hans Gustaf Boije
i-CisiTZA8jBe6U9YcQPijf8,Matias Putkonen
i-CmC4bc6fLeNXZGLuA7s28T,Carl Edvard Stjernvall
i-CmRgA6fB7vmvVAhfT14CUq,Robert Severin af Björksten
i-Co9zWb9dbmqdAqR9Ai1MMM,Karl Gustaf Brakel
i-CoMYVcvAbrFUkcyuiLmjQG,Juhana Petter Valkola
i-Coo61MAWDWCSEhiPZdqNyd,Uno Alfons Wasastjerna
i-CpsZQHqcUJ8sJsVExPYDCJ,Pehr Malm
i-CqTKzpVB1Ea1CPnfyEN8TZ,Claes Samuel Segerstråle
i-CsCxdQ9CvKUh2iT7axN5Jf,Adolf Edvard Björkenheim
i-CsR6q8gQ8FuLGMLHgCXMP3,Waldemar Walli
i-CsR6q8gQ8FuLGMLHgCXMP3,Anshelm Waldemar Walli
i-Csh2t8e4vQFJ5jd4fGxQUH,Tauno Järnefelt
i-CtQQMeujQ2FqS3AuwoqMbU,Otto Karl von Fieandt
i-Cv9BDDHsNUPXghUwXRjrTE,Kaarle Komonen
i-CxC5n56mokAqSKPwqL2VNN,Richard Casimir de la Chapelle
i-CyA98HnR3uENykk8myABmW,Axel Henrik Antell
i-D1FsfDBmNqCrFh66jtDHKq,Edvard Hannula
i-D1GPM5fGkX12cAZ2QV4vzv,Leopold Söderström
i-D2acnqebDyDVJURxAjB9gQ,Allan Schulman
i-D2g5wWQiqw9p79PhuHGzim,Salomon Hirvinen
i-D4E6gAdmGpe5X5b1EYPpiK,Adam Teodor Langenskiöld
i-D6Mi4GWWJsTvqGyurVJi26,Fredrik Hellman
i-D6jqe532xJggDLmgRRL1jE,August Benjamin af Schultén
i-D711TKU9YcRjKQmWmQGtnW,Paul von Etter
i-DAZaB4rXYdybpMQTXGxsze,Herman Standertskjöld-Nordenstam
i-DAswt6RRgwU6zpSfVftUAi,Sanfrid Hasselqvist
i-DAwXJdCpLgLeKVYt7T9rqv,Fredrik Walter Rosenlew
i-DDHcpPqCSSHpgWZ2afLyzG,Alfred Michael von Haartman
i-DDgKtyukp5C3sUFLMZ19u8,Nikolai Alexander Thesleff
i-DFYQrVEmnc2KccuuDpq1ib,Artur Emil Vilhelm Klinckowström
i-DGGHbV8Jc5iYsn2a5HmaYT,Abdon Alfred Fredrik Lindberg
i-DJWGoTpJ6wbx8LwyyourdQ,Carl Gustaf Estlander
i-DJYAsvPi1ZhTVooPhbrAZK,Rafael Spåre
i-DJayEMtESDA9vaivmbihCb,Matts von Nandelstadh
i-DJqfu91o5SoXbVjmmMRAqq,Victor Napoleon Procopé
i-DLrya1y4fvPTxo19ycSwui,Gustaf Magnus Leonard Jägerskiöld
i-DMkWg2gYcX75t4EbByUoqv,Rabbe Wladimir Wrede
i-DSET3vjnWX2zKq1Tg2WY8p,Viktor Bergman
i-DSe7Sukmush1y9amrLd4oZ,Matti Auvinen
i-DSjrPP1Ub5W9gAqYsTTrAh,Otto Immanuel Appelberg
i-DTCBRT9AaMKs7eLkCRmGkS,Arthur Reinhold von Essen
i-DV5KHjXrAZsvXFDWwDKJxa,Uno Kurtén
i-DWiyp39c5DMfpZq6cMdmVh,Johan Matias Hackzell
i-DXP9WxpJAbmvBWP4QoWY25,Maximilian von Rosenkampff
i-DZJtkrPfWZvk4Ap77q2uxp,Hjalmar Frithiof Segercrantz
i-Dcjy8t7dMSXCDTPkfuVXgT,Krister Ludvig Edvard Jägerskiöld
i-DdvHcgdBbdRimFMB8LiyD9,August Ferdinand Juselius
i-DeNANhJFvif9NVw93xfYiN,Gustaf Adolf Silfverhjelm
i-DfoBXxWtHB1dPk3VFvEfhi,Robert Junnelius
i-DhkpMWMtWKDEBsxXhj35hc,Pekka Siira
i-Di43id6kYb8YitBcHWJivt,Frans Wilhelm von Frenckell
i-DiMeNaDKYnSXKLwHBuNkPP,Elias Krook
i-DiRtoFeWwZgawSF374ZTgV,Karl Arvid Nyberg
i-DmWg6kaxRcVGDxey3HZmMC,Aleksanteri Koivisto
i-DnEdGep1q7buLQVxHwoV7o,Henrik Parviainen
i-DnR1jYzy4qjog5h4eX5Ap,Frans von Frenckell
i-DoEwtusnqteK8Q8mNd1ztC,Konrad Relander
i-DoMTUzhCgrTNgKPPvWAefR,Rolf Jacob von Julin
i-DohHxxmYQkejcHDFzK8Xi2,Erik Mattlar
i-DojZ8qEG6LjbJsjZJ6xe4k,Jarl August Hagelstam
i-DowNYFPp5EFuyJj5pim8KZ,Fredrik Wilhelm Hugo von Qvanten
i-DpU7gVJYPRauQkC2oTYNZa,Ivar Alexander Kyander
i-DsNvcZ4WKjqtgZgVHcTx2o,Georg Leopold Topelius
i-DsQvv1m8aCf8m1tSrSAMR1,Pietari Päivärinta
i-DtHXRURSTfEvE52xc9jSoZ,Heikki Hakulinen
i-DuP59aJVbyCScuE2XG7BeY,Pehr Jonas Törnqvist
i-DvsnxJr6R8m8r5wknzUSGc,Wilhelm Theodor von Kraemer
i-DxNP7TqQrEfxpsG7AMg3V2,Boris Nordmann
i-DyCDPVnVqVgNVuzhR7c5yC,Axel Gabriel Lindgren
i-Dyoum1uqVHJc4aBfw4FSSa,Clas von Collan
i-Dz5hAwJyDWqRCY5HYongt,John Rafael Uggla
i-DzJ4FMZXj9ohtdnkysVnh,Antti Halonen
i-DzP2McJdARN1V89E93Ay4t,Bror Axel Thulé
i-Dzo2xTpgSK2hWn5XcoQy3,Ernst Wilhelm Tegengren
i-E2D75NaHBPSAb5t7WahXsr,Eino Sakari Yrjö-Koskinen
i-E3msfxTo8TZ2VyeUTvXSUg,Taneli Kurkela
i-E449mBU6gv4eXJJwuYXFvG,Otto Thuneberg
i-E4eK7REWL1iRG4jFor7gae,Santeri Ivalo
i-E4eK7REWL1iRG4jFor7gae,Herman Alexander Ingman
i-E4sJZkcvrMxBkmsiZoBAAh,Johan Jakob Westerlund
i-E5oLMwDAgUiAxgDEhx1LcY,Johan Osvald Wasastjerna
i-E6yXJrnTXL624QDwbQ21Pk,Magnus Erik Alopaeus
i-E78eJvBU44BnbTEwUNPTah,Karl Hannus
i-E78gPFT49CGaUAXe7cfk88,Karl Magnus Mikael Walleen
i-E842CxwFnJfAsu59UCBbji,T. J. Boisman
i-E8o2CUgc6j8zTErDbaEDQk,Karl Gustaf Creutz
i-EAHXCwinZpxJEmpN7f2gCG,Vilho Jämsén
i-EBLg4rQKzZ3b6Eg9w5vKHX,Johan Emil von Konow
i-EBe5dMDhz6j26QDyaC28kC,Alexander von Becker
i-ECLdY41T941BqZijUjxQun,August Samuel Nordström
i-EDqv7TisA5PjGhg4drrxvt,Gabriel Tengström
i-EEDumsMkgt1qv2LRDpuUid,Antti Sinkko
i-EHRMnkSVAPak3672NPWQUt,Alexander Eugen Spåre
i-EHtdX5jCKmh1XzVaChg5t7,Johan Fredrik Hackman
i-EJMdBVXoPwci3WftmbWBr1,Emil Schybergson
i-EJXZVq6RKfRKkTZvTFPA2w,Juho Haanpää
i-EKgsdWUKkNjoMZSd54c91Q,Herman Peter Höckert
i-EKkrnXvuHxMMnTwjDb4imw,Adolf Fredrik Sirén
i-ENMjRvMTmj4y4ZKemGmPRi,Frans Ekqvist
i-ENeMx6XG6uxkKZ5MuVZMcF,Anton Leonard von Knorring
i-EPiSDHWvRjVpP9ZBHuoPLi,Knut Gustaf Åkesson
i-EQvj9fL5osnqMNoPpVA6wE,Wilhelm Hackman
i-ER5P4AeGQU1UhNg4KSuGfA,Taavetti Suo-Anttila
i-ES944pFdPUxvHzos99jxZJ,Erik Isotalo
i-ETQzEcgbBi4s4RJ7ZnfAwr,Carolus Wrede
i-EUNd7pvigVDq2k1buBvxf9,Carl Magnus Creutz
i-EVfZBUkzrmkjLRX3mG1o3n,Julian Serlachius
i-EWF5w6W7mNczUrPXBtTG1i,Zachris Castrén
i-EWnS8D5oELrZTGgrDxKuax,Robert Wilhelm de Geer
i-EYJT4XUYCifxuQgXm8q9GN,Oskar Groundstroem
i-EYL9UZ7jUiPhk9qT9L4Gma,Petter Edvard Ervast
i-EYejvEUqeCVaatuY2xfRCa,Johan Fredrik Lundenius
i-EZ7u1ySxqiV1yRWzN5MvET,Johan Anders Jägerhorn
i-EZKSYqQGo6bru2L8grnLU5,Pehr Östring
i-EcTftrF95cFGy5fyqKnWGy,Pehr Ivar Ekbom
i-EdWPU8jZb97Q5NntadXUgh,Henrik Johan von Knorring
i-EdapCdTq9Y7JEMnMSf5nWS,Sune Birger Johan af Björkesten
i-EeTFbyDUFF9QtjjBFNtDQF,Johan Erik Rosenberg
i-EebNEN3Fjuqo1eK2rRRv3X,Axel Alfthan
i-Ef7n2WRKmjh7HiBPqvKhX5,Lauri Ingman
i-EfMifumtJPzU8j2xQd3Y47,Johan Kristian Lampén
i-EgiNvPcaifKheMGDbyyqWE,Edvard Gustaf af Forselles
i-Eh11pSQN15vwedriURK4FD,Blechard Gustaf Jägerhorn
i-EhL4uM3sUHy8VUCoYi78as,Fredrik Wilhelm Fraser
i-EiiQ7Jz1v4GYGMTCiMv9Cm,Jakob Johannes Sederholm
i-EjTKe45emsM1M3iEM1jsbD,Johan Christoffer von Morian
i-EkbZcKC1cxicmSNQdsofep,August Bade
i-EkroDQ9EYje8n1rq9iKMkY,Gösta von Troil
i-EkroDQ9EYje8n1rq9iKMkY,Axel Gustaf Samuel von Troil
i-EkuqrxiDLYkN7w8kVEcEKx,Axel Holmberg
i-EmUBxcMYc8BmU1uL3QdD4q,Hjalmar Oker-Blom
i-EmqNER47i1Nu1rJadKyiQw,Daniel Edvard Duncker
i-EofqyGpvHy8k9NzSeJtd6F,Jaakko Forsman
i-EofzZMtc7bHkYrk1DMbcJM,Uno Lindelöf
i-Eoh6go1r2gZUEHoWkD2wZf,Tor Carpelan
i-EqxJvEcFn3pmNPchjvzb9a,Karl Johan Boström
i-EqzRL2mm1ffjLRp6RzH1bh,Viktor Konsin
i-Er4VowqzqJZ3N91FX97xSr,Otto Ferdinand Hofdahl
i-ErefsCL6f7Lvk9iUbkZtPZ,Rurik Kellgren
i-EtfZRTD4CYaExbGTg6UBjx,Pekka Komonen
i-EubGaC45XvL4c18F6U6mCD,Frans Henrik af Björksten
i-EucvstvmVvA33AJNrw2FH5,Lars August Sackleen
i-EuoJ16TMvdtrax3gfPLFLG,Juhana Konttinen
i-Ev9rwChsySU6VMfbevkpjp,Carl Johan Slotte
i-EyCwcgnc6m1fa5U2bKaFXx,Georg Edvard Ramsay
i-EzXoZ2awDLVNmEs6w7GpNj,Erik Nordenskiöld
i-F1sBJexePgLzems1trqV2A,Arvid Sanmark
i-F2TqnhZABMnKRLA6m3Wt9s,Georg von Willebrand
i-F2za3adppYaQeFqUUwomi1,Johan Ascholin
i-F3aUsRbXiCkZyhMHWkHLbZ,Antti Punttala
i-F41ncMNAehsDceiFfh8xWG,Archibald Viktor Ramsay
i-F5fPeiDWjze3RMUqb48JRf,Karl Frans Johan Schauman
i-F6idYyLQmoLSLW2mo8tU2b,Matti Tervaniemi
i-F8bLJJfdbZyEs3H1C5kMAw,Edgar Rafael Örnhjelm
i-F93JWBjLggDZB1c6SHCsfb,Gustaf Valdemar von Hellens
i-F93JWBjLggDZB1c6SHCsfb,Valde Hirvikanta
i-F9Uan6uDi3gGTXa1Gcn5Aj,Sebastian von Knorring
i-F9jojaLUQpfPMBudiTYBw,Karl Fredrik Sebastian von Schoultz
i-F9qTUwqs1ymrnF4gMnMsBr,Arthur Sommer
i-FARTN51opJpmXmZjke8Xyy,Lorenz Lindelöf
i-FAdnQV2mavJ2UwNm5JjbBX,Krister Ludvig Reinhold Jägerskiöld
i-FCru9fHyaNuhdvNj3ZMWok,Gustaf Emil af Hällström
i-FDszLxa7n18J7pGWoaPo61,Ernst Silfverhjelm
i-FFza3odvoxhDmtbr4UiPFk,Juho Koivisto
i-FGXsDXPGYxh7QuVwHKESrf,Lennart Fritiof Munck af Fulkila
i-FGZtsFCfw113CzEnLXSp3t,Jaakko Myllylä
i-FHPAoTNLQBKMuyucj1d1H8,Oskar Hynén
i-FJYWThSR2FXXQsLLsRCnTT,Alexander Rokassowskij
i-FJzRBuP188MmWa7nk6o4Vb,Carl Magnus Gripenberg
i-FLU4GzhfjqaiKp3BXLwdWL,Juho Fredrik Horelli
i-FNBvWxdPvjyrGH1Qc1aAer,Adolf Cavén
i-FNPPwEod1e3taFV6aqGkL,Juuso Hedberg
i-FQGo7QA6JPdubg7BeeeYGF,Erik Nygård
i-FRTXNM8bWSfv4EVgWqYu9h,August Fredrik Järnefelt
i-FRViuuMu59HXvcduvR4JJb,Nils Nyman
i-FTpJmcFyji4ABCWHY7yDso,Eric von Troil
i-FUnhftNVyCFbh9ftx4agbz,Juho Zitting
i-FXUQh967xLRCogeTYmdrCW,Emil Frithiof Andersin
i-FXge12HBsdn8k5HAufzWpc,Ossian Ansas
i-FYbSvFu4rVek9C99uESHpF,Aleksanteri Vihonen
i-FYjmCyuWucvpTGy2QzWpoP,Eugen Wolff
i-FaKMEEfi3TMUuBz9Mb4reR,Berndt Henrik Aminoff
i-Fbfm1HbZePHYVTAZTJf59L,Aleksanteri Arvelin
i-FcbLaSzYMyza1vG8PnY8hk,Wilhelm Casper Magnus August Wrede
i-FcbLaSzYMyza1vG8PnY8hk,Casper Wrede
i-FcinkmTGBnbazMfGGKxqLK,Juho Haanpää
i-FcnE7JqpsivtwiXQm29xQS,Axel Leonard von Weissenberg
i-Fd7mqD67aGjCuWx3jSHA1C,Karl Lorenz Adalbert von Schoultz
i-FdRKYW6mapQK8J9mxSmBVd,Gustaf Törnudd
i-FdRfUaAkk5CYpd9Du8pbGa,Kasten Antell
i-FeaexDXFvKCbfhp6jTXNbe,Knut Fredrik Durchman
i-FfS48taDhdyhLbaL7izam6,Wilhelm von Nottbeck
i-FfVRGMNn5KRqwAWb2KstnH,Frans Wilhelm Gustaf Hjelt
i-Fhpw6o7Qy1YaRxYQmNUM8W,Johan Simula
i-Figg8qYJUVdtKgrJaCVJ3y,Jarl August Reinhold Lindberg
i-FiibtiyGJPryBr7nBGLj5b,Axel Cronvall
i-Fiig8BDMNpZQK8Za9ST51D,Vilhelm Otto Casper David Wrede
i-FjKyUtcoFwK8FSRaLwa4qr,Alexander Wolter Ramsay
i-FnbEx9QPcybRj3CQyvdiaM,Alexander Gabriel Lagus
i-Fnc3xqQ6Yw1weZo5vTRsDX,Juho Pietiläinen
i-Fqvx5ooU2nKu7WppxfCNor,Nils Karl Ossian Grotenfelt
i-Fw8FPwmDv3ESpXNhmXoZYU,Fritiof Hultman
i-FxBFM2uzof1KWHDpt4Uswx,Carl Gustav Mortimer von Kraemer
i-FxU6UzwNGq6us5QcQFzcHh,Karl Gustaf Spåre
i-G1koBoY9BodkJrpULKg4MG,Gabriel Geitlin
i-G3GyWSwuFaxKNReYYXx1r5,Oskar Adolf Järnefelt
i-G4Kxx8in9vUPtEQxcVFHyA,Gustaf von Kothen
i-G4Mx6CSAhZT1Ty3hcwy1We,August Mannerheim
i-G4NdDEqVRioq48p7EQbaeR,Axel Theodor Örnhjelm
i-G4QdecQ6MsXD7WEhcFNK5v,Edvard Alexander Ramsay
i-G57bpc4f6Fu1svLLXDpNcx,Ferdinand von Wright
i-G6WXvp4m8PJWEz8kHykewM,Fredrik Nybom
i-G6iwQxbYxHRYyueS8LfTsP,Kaarlo Juhana Inberg
i-G7hzwEaQa2dTy17bhDocu2,Carl Eugen Armfelt
i-G7pBqgMojRr9AymmEtQzEN,Carl Edvard Gyldenstolpe
i-G84CpMDMjw6dbrVWopd4X7,Artur Hammarström
i-G86NetonwkTbVdHBbfsymU,Oscar Norrmén
i-G8yreya82bfWU9dcq1F8hx,Harald August af Hellén
i-GAtn7bERdoirMx4xRthNqz,August Magnus Gustaf Armfelt
i-GB2XZda45FyKVanRwMkJ38,Anders Lorenz Munsterhjelm
i-GC4iKVSUKy4zqrxEso8fJC,Otto Wrede
i-GEJW1X9fTb76RGrRQT1Xr5,Otto Tuomi
i-GGBAD7iX8fRMidLfwkuf4H,Karl Edvard Lindeqvist
i-GL42zd2qVjzLjjZ4FhqajZ,Johan Gabriel von Bonsdorff
i-GMQsuhSAwWd986Q51uYDSu,Aatu Okko
i-GMRQkmLRCx39JoBJgBC7j4,Lars Oskar Wilhelm af Heurlin
i-GMfCWWEUuVeJEHKYgMeo6H,Charles Emil af Frosterus
i-GPf3EjMoWsMbpy1SvvWd7X,Johan Henrik Munck
i-GQv8Naq61LAD3azXZwqehT,Albert Henrik de la Chapelle
i-GR25tN5vpHqsQL2THp5BzR,Erik Adolf von Willebrand
i-GT6FgM35BjNdFMXCWWyyuA,Pekka Ahmavaara
i-GTNmQx5yoS1Ns36CUbTJS5,Henrik Heikel
i-GVT7x8Nt5F7JZsu1Dte2fk,Georg Fredrik Pistolekors
i-GVmiogSqRJqrVWCPcrDgDe,Johan Gustaf Emil Segercrantz
i-GWGMuHZpB7JtXsedCoRVmg,Pehr Emil af Forselles
i-GWf6xVqXjhgG51RMmFS2pe,Olof Henrik Helander
i-GZK5EtQ9raxhJ5fcGEcbgj,Juho Sormunen
i-GZgKPbnkv98wL3MUuWBgcT,Fredrik Aminoff
i-Ga4zhpKhZgMrwW6CEFhPKo,K.  H.  Renlund
i-Ga4zhpKhZgMrwW6CEFhPKo,K. H. Renlund
i-Ga8ijRDWR7P52ZAHc5oi33,Karl Robert Åström
i-GaNJg5yyoLLZFLXLT5DqzS,Joonas Venäläinen
i-GaVrP4AKzmi3hsgi9BrLwo,Christoffer Egidius von Hartmansdorff
i-GbyfTXHevxWvXpYKfxzfVD,Johannes Gripenberg
i-GbyfTXHevxWvXpYKfxzfVD,Johan Axel Gripenberg
i-GeJxU77Pyh8PJuj4uFsHY6,Gustaf Fredrik Rotkirch
i-GeYLFa2rDbdF171XpfngZK,Johan Reinhold Munck
i-Gep5tWKb423Qx5AQc1WMA4,Kyösti Kallio
i-GhLcAkdgUqnsq7PwR6e8fZ,Theodor Frithiof Blåfield
i-GjXymzvmVbXvMvSnsXEVDh,Hjalmar Erik Gabriel von Bonsdorff
i-GoAtGw3V5JQjMdAfdcsfof,Eero Hyvärinen
i-GoJDCrdgd2qZy1f7rkMH7N,Herman Maximilian Molander
i-GoQD4F6MiFcS9Vsdx3gqMW,Carl Albert Ehrnrooth
i-GoQD4F6MiFcS9Vsdx3gqMW,C. Ehrnrooth
i-GqbRjbz9VGGWeqAzt5MnHd,Thorsten Brakel
i-Gs6f3qia8y8TrjE6nzWpMi,Hjalmar Edvard Tawast
i-GsTBuxn4gzdp2YPxq2CF9t,August Schauman
i-GsZwREPpy6D78H3Sw8e8Gm,Yrjö Mäkelin
i-GsoLcP1UNjtUTBtjxzkkTU,Kustaa Huostila
i-Gszfg34rDxE1wvwMWnuEcr,Magnus von Wright
i-GtHU82sNyMBmYF9LF32Xqb,Niilo Aleksander Grundström
i-GtNusg1wv3P4Wstjqet9bS,Reinhold Felix von Willebrand
i-Gu51hjRVWb7M565rBVU8jz,Georg Henrik Lybecker
i-Gv1vJVBUh9kKpS6xeF9qMU,Alexander Otto Ehrström
i-GvRx6Whoyo7iPDLJ6uwURb,Fredrik Idestam
i-Gvbqi1rEyeoC3MYzScNFvG,Robert Johan Gustaf Gripenberg
i-GwgXfMJUCLmbCeE55ztiRb,Kustaa Adolf Saxbäck
i-GxyUSUbDKFfdHNFMFDJVDn,Jalo Aatos Viini Wilhelm Schildt
i-GzpPNMDrZaojKzMHrH7hRL,Carl Albert Edelfelt
i-H2an9aPsfB63H9UWpycjdo,Gustaf Adolf Spåre
i-H2tWZRuEZ8bzGbjzhmGuxp,Wilhelm Lagus
i-H5ZHs71VNBBoa2s2Mnefgi,Nils Otto Nordenskiöld
i-H5j7JEfNpcffScykfd1hcQ,Oskar Nissinen
i-H7UUat8gTkKMjfbsaDf8ce,Nestor Järvinen
i-H8yQTopN8aD4jQGED8XKHZ,Tuomas Seppälä
i-H9cZ6VmKS5CfdGexv8Ug5L,Josef Söderman
i-H9suhRqqUHcPS6rkKze2ao,Alfons Jerôme von Haartman
i-HAkXw2e7ETu7AUjeewEWfr,Nestor Huoponen
i-HAm3MZcMCaM4g7nN65aKmR,Constantin Boije af Gennäs
i-HCWC285KxJjLLZWfEkFpEp,Edvard Bergenheim
i-HCsDZ4jw1CfzTFHQ59MHas,Antti Laari
i-HCzKggNUcwH4QKEnXcArFk,Jaakko Pahkamaa
i-HDS4uGheZUgKFGSypVuhj7,Elis Campbell Nicolas Furuhjelm
i-HF5phfP7sjX4wA6bTBzzPq,Clas Gabriel Nordenheim
i-HFSaJChwMy6H3kcVHoj1mX,Johan Knut Valdemar Uggla
i-HGkvq3faHKCS2q8w4Fwvdd,Petter Auvinen
i-HHaCYxvtqi5749rN5jgDix,Gustaf Alfred af Hällström
i-HL3yrDjwhm33a2RNeSZtne,Juhana Korhonen
i-HMYu9fE5ywoYGF6TqvESdP,Hjalmar Gabriel von Bonsdorff
i-HNBK5iuuktDMrLNsc3ftSQ,Nils Karl Nordenskiöld
i-HPjHzSRBVZu5dgj2E8rwgi,August Edvard Granfelt
i-HPtpyWz43gQAfG5VSspCby,Juho Möttölä
i-HRxMK8De5zRSBaXaaruAMN,Herman Hakulinen
i-HUvuQRnpDN1nYgahrKQD5D,Berndt Emil Hollmérus
i-HWyWGu6Fv6nhg9UH8FNaf3,Oscar Johan Mechelin
i-HXHqd4QRn3AfHgeruW7D3w,Johan Wilhelm Wartiainen
i-HXHqd4QRn3AfHgeruW7D3w,Johan Vilhelm Wartiainen
i-HaR8EnfKL5psLJsjZDeZ8o,Johan Georg Agricola
i-HbssPjwFZEsothhGDbLv7,Fredrik Edvard Grönroos
i-Hc9XMkGEjEESuFdWzXy4JT,J. W. Snellman G:son
i-HfEbbpVpEUS7EMymsy7tc6,Zacharias Cleve
i-HfV2z1pgrdiYTpNNDCAW2e,Hjalmar Nordling
i-HfWfActQe9KZ2kYVzhw5Bm,Adolf Halinen
i-Hfckxq71YhMkaNT4Y6ZYF7,Claes Leonard de la Chapelle
i-HgEbezgGdxazEcJNm1Kus4,Lars Berndt Olsoni
i-HgqPynBUu2U3dYH95SV9vJ,Carl Ernst Wrede
i-HhpcZwrh13UfQgSjC4pfMf,Fridolf Rafael von Haartman
i-HicBkrSSbTW8EDMiSKYeB4,Kaarle Kustaa Hegerström
i-HjfmDsS4k6Zju4rc3Q8bpb,Uno Otto Honka
i-HjfmDsS4k6Zju4rc3Q8bpb,Uno Otto Bremer
i-HjwH6PdtQ6PYxtY2MfXSKE,Alexander Joakim von Minkwitz
i-HmF96RYdQTCuQ9kU2oPUsj,Mauritz Gripenberg
i-HnA4L1LyxqEtV2ftM8MCTj,Antti Helander
i-HnTvUq9KxeheQ7d8MXETyv,Torsten Fredrik Zacharias Nordenswan
i-Hqgm2kBS8HE6njNDkKFAns,Karl Adolf Nordenskiöld
i-HrCdohmsxB2j5RtBj33hSU,Bertel Gripenberg
i-HrQR6nbHQayyFAXaYKpTtt,Karl Gustaf Johan Mellin
i-Hsg38DD9aZavnt2BE6R92w,Alexander Felix Carl Ekestubbe
i-Hsgr383t4iizpwWFP77NxX,Karl Fabritius
i-HtHJenXjZuoKxjoyEuKrvm,Gabriel Anton Cronstedt
i-HthP1vw6jGWu3H5SEMkYN1,Mikko Helenius
i-Hu2e8ZPjtEELuyw3zphhJJ,Jonas Vitikkala
i-Hv6XAG6mPv5vY2zxYJf3BD,Juho Pietari Sahlgren
i-J1rpecNsAtKm6tYwewGWk,Eduard Hisinger
i-J2CszrE3gkUiAQ8Qt52mWd,Leonard von Pfaler
i-J2bYY8oWuqJZiyuxqjuQzQ,Johan Matias Hackzell
i-J2oB12cTydw9DLfUm3uYBN,Georg Rosenius
i-J3fSiozzccqG1AT1cQ8Aae,Berndt Magnus Reinius
i-J4VesWHSy7vjipBi6XD4Hw,Carl Federley
i-J5WH196kdgSnwBG62938mv,August Vilhelm Helsingius
i-J6f1ZajyjyZvcuocyejwtK,Lilli Wilhelm Schildt
i-J6zP3X9ccdcPDSdoJRRzLX,Aleksander Auvinen
i-J8B16Dk9GrSwVz9Qn7hcF8,Carl Johan Sundman
i-J8C9bmCMAhFzRdviTnCDsy,Gustaf Adolf Qwarnström
i-J9QVP868kjoy9GpwvRxM2v,Henrik Carl Axel Standertskjöld
i-JAJQRTmdwNUqKSNrqbGWKb,Enok Hjalmar Furuhjelm
i-JB2EsLBcC9n5Td2DE3r77T,Matti Reinikkala
i-JEDCGCYNPMtpoaP1QDkcud,Henrik Ullgren
i-JFCH6e9PsE1w8HHWkxDkhR,Albert Ferdinand Ottelin
i-JFFd4ZuB8jwp2b9revhQqt,Carl Nummelin
i-JJwVm2LBGhA6k7954SE3XD,Karl August Karlstedt
i-JKVAucqD9tvQTcqDpsb4wn,Emil Fabian Mauritz von Kothen
i-JLC3dWijsXJedeNJ5t2xMn,Juhana Sivenius-Sipilä
i-JLC5S9cjvqGEQKtzrdZx6o,Krister Robert Otto Edgar Jägerskiöld
i-JLVEWZVW7vdzY5LFjxXNt5,Zachris Valmari
i-JLX8xK6Rhi1zuYvtz9WxNx,Georg Henrik Calonius
i-JLhdLsZs2MNDSATAo2JvYL,Knut Furuhjelm
i-JMERSMLZ7UMBiKnphukX7U,Kalle Häkkinen
i-JPKMUNXGToiyyGFt7J2Knp,Alfred Jacobsson
i-JPgqwrJYXYk9RJAGN3E3U7,Henrik Johan Malmgren
i-JQBLQvmLyE7C7HqEFYRN2A,Gustaf Mauritz von Essen
i-JRT7uq362xVDYXbB8aKrMc,Berndt Gustaf Knut Björn Waldemar Schauman
i-JRuabJufBV6PK6Ww9smaZ3,Lars Magnus Vladimir Glansenstierna
i-JS46V6rNtkSEGJw4cigY71,Woldemar von Daehn
i-JV9GcFpgHeXSPNGcRYrcPP,Karl Viktor Hellström
i-JV9GcFpgHeXSPNGcRYrcPP,Karl Viktor Paasivirta
i-JWfUn6jaHzKj4SR2GH4dx5,Alexander Etholén
i-JXJu1gWaQyBLga9dujyF2Y,Carl Georg Jägerhorn
i-JYV4L97nkaAD1tqh4XNee,August Reinhold von Willebrand
i-JYnNDW4szXXVGYP1Ve2Bqg,Hugo af Schultén
i-JYnNDW4szXXVGYP1Ve2Bqg,Karl Hugo Brynolf af Schultén
i-JZaNWk9mXgapfbJ3qZXW6E,Juho Riipinen
i-JZswQyxJgdrC7mcS7qxnaV,Samuel Heiskanen
i-Jb1piYueDy1c7zSurU9JhS,Carl August Reinhold Lars Armfelt
i-Jb74Z384UveFVagrdpb7Gu,Ivar Theodor von Hellens
i-JeJUuLsx1ADgfUq4qMkAyZ,Pekka Pennanen
i-JegZkHxf46YZWobeeVhAjW,Gustaf Adolf Gripenberg
i-Jg8vmt5AqUzNo3Zv1vSBBi,Daniel Erik Bosin
i-JhDuntY2zU3AnBWPkuoxUr,Henrik Kesti
i-JkSp1eWyNE5yJ7KqvQ1bNE,Abraham Petrelius
i-Jkc5ktRXt2iR8dWw9vqMPx,Juho Kylmälä
i-Jm95cRi4PQKtWmo5J9B7Au,Reinhold von Willebrand
i-JmtkRTXPxLj16WVpvPBziX,Jaakko Häkli
i-JorHLG9UJyX1sjpnaG1dmH,Taneli Nykänen
i-JouMnc29yqszZkV4fw6wdz,Jaakko Martola
i-JpZo7AviDFXB9nUQMjepfA,Karl Lindholm
i-Jpuf6uwWSfZ9YPNHDMSrMt,Johan Punderus
i-JqpXh8xNJT9XiVtd4V9P5F,Carl Johan Wolmar af Heurlin
i-Jr2SFQgBkXgyjAF3xM224e,Karl Woldemar Nystén
i-Jr5yhF57YXXUeEBRX4X7ry,Vilho Penttilä
i-JtwzCWzfXqxrEiL7KTkrfY,Vilhelm Rosenqvist
i-JvRBRuFE93TPrS9iwgT6va,Theodor Bruun
i-Jw2DmFYzCwcZKdAPeUKz7t,Otto Karl Hjalmar Schulman
i-JwTjoz93HVQHyRNS5qpK9c,Axel Georg Henrik Grönvik
i-JwZs6TyeLcz34Vcak5vDpF,Johan Henrik Liljeroos
i-Jx18MvGDAsWpLispqXsDvN,Aleksander Sikio
i-JzQyA5cExy8sPWRDBUypL9,Otto Robert Claes Gustaf von Gertten
i-K2JJZuWLxCRWCMyDuHPCrH,Aatami Hermanni Karvonen
i-K5hPwdCSPc1g8TMBGcdSCj,Ivar Wallenius
i-K86LqYNUZQWYEpnoZYStrW,Carl Gustaf Mortimer von Kraemer
i-KBCagWSiK98RhZVcSmviyM,Aukusti Mäkipeska
i-KBFgvwgJvVUJQsXSYrfogH,Karl Snellman
i-KBRhFpxQ7JaxtdN7vnuj2r,Hugo Malmberg
i-KBYPaBJocZ9gbzQEGT2Xyq,Abraham Patja
i-KBo1wGumzvige3fKvvL6Ad,Adam Halkilahti
i-KCCsfGqPw6fxcvH1WdRibJ,August Emil Konstantin Tötterman
i-KCWHHiMpyLd9LgBgzksu28,August Fredrik Granfelt
i-KDkAw6MJH2W79wd7auFFmc,Woldemar Hackman
i-KEH715U4Y1bzNSfLtCZFuv,Onni Schildt
i-KGaDYg8SvhTQwWAdJXsgTo,Carl Grundfeldt
i-KHiayBK11WrtpMd7gYcFdd,Hans Henrik Estlander
i-KJ7UGZkiLr2SVvK6VAmww7,Fabian Wilhelm von Schantz
i-KJPD38Pv4xHNi9xwhTpE6v,Axel Johan Alfons Spåre
i-KJqM4wnygHX4r49KxPJzSp,Carl Fredrik Pousar
i-KLfq6uJD2dXER75p7KmAih,Juhana Heikki Ala-Hanho
i-KM5zW4VUqMnFTF1EiyLAR9,Alexander Ferdinand Borenius
i-KMybxddpRTDXE79ZmgAnee,Hjalmar Schildt
i-KNCVkqasjV7R2ZyH3Yotmf,Woldemar Gustaf Silfversvan
i-KNyQj1kXggVdvC3PWZkjqC,Carl Magnus Dahlström
i-KQxKFWq81XxtmGUs1mvL4r,Juho Heikki Jokinen
i-KR84sJFFS2USNruSw4DL1V,Constantin Boije af Gennäs
i-KS7S4UcDzhQZZapbE1UVxh,Heikki Ylinen
i-KSodbRwY6NwA3H7C4ZjcDU,Henrik Edvard Schroderus
i-KSwyQA3Qqn4zEnSkGR2MwP,Torsten Costiander
i-KT9fa2ehNHWytc91mC68Ag,Aimo Hallberg
i-KVU77rhWXo9aDLh2ZiPF6L,Walter Parviainen
i-KVhhqWgv5athrCNYRVhUH5,Juho Klami
i-KX5eghvP7SMb85LhbRmnGV,Axel de la Chapelle
i-KXaaRpC72pNJUchqW1VYda,Henrik Melander
i-KXnVQ9JYufy6ePb39wj3E2,Josef Adam Joakim Pippingsköld
i-KZXidz1Yd5JGAVXfe6RfyA,Heikki Krook
i-KaGZSH7hSfwSGkfQgkLx9d,Georg von Wendt
i-Kb8kygLcTxaqvRSfa3xqV4,Evert Viktor Wasastjerna
i-KbCoxCNEWKajEohbj77myb,Gustaf Adolf Langenskiöld
i-Kcb1kFVpQpDq61XMj9K7iG,Heikki Kauranen
i-Kd8zusWUpTsYTGb1YUR4He,Aappo Walta
i-KfXYoPpMWP1s6ooNkxKCr5,Alarik Achrén
i-KgR7MpxB5MYsXejsxVXa4B,Herman Råbergh
i-KgjJCxbdt82hzHKsnYYkx4,Ernst Rönnbäck
i-KkSs43d2DnQxGC62RUjkF1,Gösta Lindblom
i-KoJBp9j1HAS2wtWnF79M1o,Konrad Björkstén
i-KqWScvn4zdPpH9UqTYKQ8U,Ernst Lagus
i-KsLWXt96o6G3c9qu9e3nSH,Abel Nyholm
i-Ksviw3T6GsJxfgx6Ggd119,Osma Alfred Schildt
i-KuQLHkqt3cejKTyvvNYzpK,Anders Nordling
i-KuRhzNsx46gnkh5bRQzgZF,Fredrik Stjernvall
i-KuoWWMCGcGasD8NaD69C4c,Johan Wilhelm Brummer
i-Kus6bVi2TaGnJ2PW3eiN7H,Johan Wilhelm Stjernschantz
i-KvF36mMpu9ZuCa6R3AoUy7,Erik Karanen
i-KvfDtT3CDx7CE8XmxRCDRi,Matti Ikonen
i-KxTPNsdvaDSQXea4wDGU8f,Gustaf Robert Böök
i-KyrAu5PxJtcHbBh2XnzKUA,Maximus af Schultén
i-L1KJ3WtZLgoZjfPp7unfjv,Gustaf Georg Waldemar von Essen
i-L2BLKXDd3w8s4qqNPwAExg,Heikki Punttala
i-L2dfSVdC9KhQSTQd28TwV2,Axel Gabriel Wilhelm Tawaststjerna
i-L5ZARSz8GnJB3juLAWJzKY,Karl August Wrede
i-L5qYEMkX66L24jwk7VCB5m,Jacob Tengström
i-L98MJsiU1VuK4KecAX584L,Petter Gustaf Hällfors
i-L9kZxLhWCuQyLqDdMjfmwo,Viktor Magnus von Born
i-LA35x1Y7XM3uhT1r9Nc2oy,Henrik Svanberg
i-LBgUfgHuPnnZdDar6ZUzhW,Carl Wilhelm Daniel von Fieandt
i-LCk7nVEL2LauAF4kV4yAdD,August Malm
i-LDGNo6A9qwe5v3RvKjqA32,Ivan Alexander Aminoff
i-LEMEoacBNp84qL8VqhrH4x,Fredrik Ståhle
i-LENzLHnC9MzYZ4becot1Yi,Matti Rossi
i-LEp8fNXd1AnZzt4ZAiZeos,Knut Emil von Schantz
i-LMEScfuydVjqcwbYGSxdsR,Carl Vilhelm Torwigge
i-LMFvjALUJyhAo2SR348fhS,Oscar Norrmén
i-LNeAt3ynhMRqUa1ahgphLr,Johan Henrik Cygnaeus
i-LPSNw3P3JYfMofPLqXC3FU,Anders Johan Molander
i-LQDuKjTYCeGtswAtVHen5p,Gösta Sumelius
i-LTLtGArV54n8xN9SzsYhCh,Reinhold Johan Rehbinder
i-LXEKkbJV1hNyAnsc347hp7,Nils Adolf Lindsay von Julin
i-LXeKqcnhWJRPyVB2hLU94o,Gabriel Anttila
i-LYpQPnAEvBHwxddcikgnNW,Erik Johan Andelin
i-LZXLoYezcMtCGAhcNkmmmM,Nikolai Adolf Reinhold Munck
i-La7UQC3cRq7vS9HSMAPZiz,Hugo Pipping
i-LaaLKatPvVQRvR2ozPzenC,Robert Isidor Örn
i-LauGkBXyoLDjzoszXZ721Q,Antti Juho Pulkkinen
i-LcQBzSAGk6cyBWQVg2HXQQ,Karl Troberg
i-LcYSLrozY9sdA2Hktjosng,Alfred Norrmén
i-LcbKWGDpGm9XdVkcD4Yn4p,Carl Alfred Carlström
i-LccoceJBCqoQP5iE7k45vu,Benjamin Sulin
i-Lch3o2YJ8cMMwJUB46sQcL,Karl Gustaf Berg
i-Lejo7aaUSkc6PuVVEFSNg9,Arvid Harald von Fieandt
i-LfjijKcu6wrjy8uVqHyVJp,Frans Sumelius
i-LgZQWS4zG1x9kqYzpyaYDt,Alexander Sebastian Ehrnrooth
i-Lget5LPYWHPvRtBPXGq6gH,Kaarle Juho Häkkänen
i-Lh2ZkUZd9AHu99nWtfbihe,Gustaf Edvard Mattson
i-LhNeaJMK2rPRdMfEm4W2yR,Johan Richard Danielson
i-LhNeaJMK2rPRdMfEm4W2yR,J. R. Danielson-Kalmari
i-Lk27AXaL7fVVebyiYHtGJy,Alexander Leonard Carl Schulman
i-Lk3BJdRWnrZD4VkCKeqBtp,Paavo Nyrönen
i-Lk8xzvhSG9RJUN6BeTB6mi,Axel Fredrik Granfelt
i-LmMgV7SdqVNZjRdPMKRJ7T,Anshelm Nordman
i-LnKGDyGvxDZZ7YsqPeHWDK,Frithiof Napoleon Neppenström
i-LnkkcfDXzRGTPBMLXcE91Q,Elias Sipuli
i-LntY6DwLWnbrXMVX8nJS29,Juho Valmari
i-LqM36pAFwGPynJAx9z9oy9,Eero Järnefelt
i-Lr5AdF1qhHs7ZqC317dwPC,Heikki Kansanen
i-LsH6GcJdCwFLL56qN5DzDX,Magnus Arvid Krabbe
i-LszJ9La6sjSXEUGEBJttyo,Hjalmar Granfelt
i-LszmzSyrMUQRmpWjdTrzZk,Juho Poutiainen
i-LuXf1BCe2pSWk9pv4PMhNL,Akseli Lilius
i-LvcfwaY7wAS1Kma1uB6ek3,August von Willebrand
i-Lw36bGs76KQaSTfdhJeosz,Antti Ahlström
i-LworoXnhdkkqSH2e65xuXx,Robert Frosterus
i-LxagQossAJBCsTviBZ67Ld,Carl W. Savander
i-Lyo8fpiixdh58SbJEgfmjR,Fredrik Magnus Stackelberg
i-LzdgEat3rhCADgx5cR1LSS,Johan Ulrik von Törne
i-M1GkpKKam2WhRvDxjE48Yx,Adolf Edvard Arppe
i-M1dRDrHkNpb4p39e5pVUGD,Rudolf Waldemar Munsterhjelm
i-M2RVvJD7jgP4UzUVxXoUL5,Hans Henrik Brummer
i-M3agL2duYbF7KZKer9417T,Gustaf William Homén
i-M3vdGvw9iDEMvMQ8z7ckwG,Peter Malm
i-M6mbjgtYJJWYAYtdGYN5yy,Erik Johan Stråhle
i-M8GjBiWjFex38AaKPzEaZj,Julius Fredrik Gadd
i-M8vPca9XvnkuhF7z5k9Ho4,Frithiof Alarik Tawaststjerna
i-M9GEjZeNs7B27BfEGmJYSN,Kaarle Henrik Teittinen
i-MBAhp3QGsu4xyQ6tjvHiC7,Theodor Leopold Eck
i-MDfAM83g7G9zW98usAVuS1,Guss Mattsson
i-MDfAM83g7G9zW98usAVuS1,Gustaf Otto Mattsson
i-ME6jgSLdkwbzPDF9maty1N,Karl Gotthard Werner von Rehausen
i-MEgwJwDM4mwi6wmXsCMYJx,Nils Otto Nordenskiöld
i-MEoY3ZYgtDsM2D23r4yfXX,Georg Fraser
i-MFBL7XnrdB4HHfQL2ffF6i,Oskar Leonard af Forselles
i-MFtm1KTTmksUypGZFKkvkP,Arthur Thesleff
i-MJFSJa1aXzYnXn8PW7NoCX,Viktor Raipala
i-MJwirdyVsfeQa46rvEQmu8,Lars Johan Hammarén
i-MMYT7XLX6YPQ7PudpmVcPj,Carl Rosenius
i-MMyFhhMEvCjmcwSBsfMJk1,Ernst Carl Adolf von Willebrand
i-MNNdb5hx4FpNXw9RbRm64,Robert Blåfield
i-MNyNttGEs2xVMSxNfSviJD,Matti Retula
i-MP8tCuyCgGu6j7iyfmn1Hs,Tuomas Laurikainen
i-MPFwM3Xim9Zw7dhhTecn4W,Birger von Troil
i-MQLhdYxVRGzFNC1bGzR64p,Carl August Wilhelm Cederholm
i-MQzMznpRQBMmbXktLvAN9k,S. W. von Troil
i-MT4FXbmfE3E8zXeKT2YLpS,Johannes Indrenius
i-MTVnejidR78VGkqvg6x5Qp,Viktor Leonhard af Forselles
i-MXYA6mu4YEKfDVYKu42SUN,Carl Eugen Åberg
i-MZfMSqHz9EQfVMc733DtHZ,Magnus Alopaeus
i-MZjGSV6EaQrvUyQv5EbDi,Alexander Cronhjelm
i-MZsPVQ9dMC8ZHTgrVyD83w,Olli Helander
i-MZzLK6ceKqS79rLo8ueo9E,Robert Hartman
i-MbQvVcF8hxDj9Gh7nNodQi,Heikki Poutanen
i-Mdt7zZSbuqudjxnT1UcWMu,Johan Schulin
i-MejDXzf7f7w3bWanLQKrgB,Josef Grönberg
i-MixwsDneJhAzKShrxe4XzW,A. F. Orrhaeus
i-Mn3ZFywZU8ZfJcVx8DUemL,Carl Magnus Engman
i-ModpSX4t69XxAKF7ekgvVg,Adolf Reinhold Viktor Ehrnrooth
i-MogwxPPyotmdVHPokgUn5V,David Savolainen
i-Mp9K29oMoRuFXcdAb1nz2G,Werner August Örn
i-MpSvLbSBufpP72uqPvupgE,Jakob af Forselles
i-MpYr5qap95o2iCMfyBRiYr,Juho Heikki Luoma
i-MsAZiKUoJpJxkiXUKdN7nN,Albert Luoma
i-MujcqCg7h5ho8MapFbhqsZ,Birger Fredrik af Björkesten
i-Mv8LxUWcA6ScC4mGxxYUCF,Carl Alfred Uggla
i-Mv9xYt1oFBbC68U2iqevMq,Johan Gabriel Gädda
i-Mx8rT8cEuAAhv39T79k9Lo,Risto Summa
i-Mz9aBz5SdW9X6Q9PVDD5SJ,Adolf Fredrik Liljeros
i-MzVQxM4xkNeBUq7eq6vH9k,Alexander Jakob von Wendt
i-N2PwTvXjXUdT9dRHeMawYq,Edvard Bergh
i-N2Z97XeDoEhoXqMP1Yb91f,Heikki Tikkanen
i-N2fRatMiRmLEhFJUaMqMBg,Gustaf Fredrik Rotkirch
i-N3KeHTJ7pgpFitvvhKrhUK,Frans Ludvig Schauman
i-N4Kj7XJKByKctvmiVZHuWm,Felix Heikel
i-N7AHCqt7u3nWVNMBEE8SaY,Alexander August Peter Wrede af Elimä
i-NAH7vpemmxvbjxdoZq9z1P,Hans Petter Winge
i-NAuZTui4bievWP5oqZC398,Elias Illi
i-NBh89WjkAAKD9CCqxkG37S,Ivar Heikel
i-NBjMz9hr6symL5rEHweJfZ,Aarne Gripenberg
i-NCkfpUwoqABjXwqK5aXbJ7,Mikko Lampinen
i-NDDsvs2KPqUENDma8QUX7J,Anders Johan Malmgren
i-NDu3XB3xk3uT4c2LFvLbZz,Axel Fredrik Nikolaus Cedercreutz
i-NG9kNwuhydnAfCZMfVWjFj,Julius Immanuel Bergh
i-NHKgqZ5VCJGJQMeRSrTD6B,Otto Pesonen
i-NJNYuA3TCLDAUVNjE5j2MC,A. Fr. von Christierson
i-NK34WfhpRdsDWxgtnU3RwV,Johannes Castrén
i-NKUVrN6kypayREU1YSXp1x,Knut Adolf Boije af Gennäs
i-NKaswFdK23mmSjbg8MMacH,Juho Nikkarla
i-NNUNTXzUgmd3vM5ymCgTek,Bror Albert von Fieandt
i-NPH1o1xeorDHN3soPCbMv8,Edvard Tigerstedt
i-NQLXuNv2TZG5tDydaVXrk2,Karl Magnus Emil Brummer
i-NRTTLGWR9xV953dyx3Cmix,Tuomas Suokas
i-NT9DfbhMZGzqHNjgL2hXP8,Georg Otto Segerstråle
i-NUC4AmXjZ5KaMtPNfqBxhQ,Albert Öberg
i-NUWvTeBf7cVPTJBMAB6Ecj,Fabian af Enehjelm
i-NUn9oiVKe8AEJreEd28SPr,Adolf Ferdinand Spåre
i-NVSSVqMqZbW5m9b6RM76L8,Aksel Hynninen
i-NVyXtQG4ngA5GXmvPaY9YJ,Olli Mustonen
i-NWfTGCDhbu3vNXABaUGgJX,Arthur Pippingsköld
i-NXVEJeG8exDqKdqBDPeqwV,Fredrik Ulrik Bernt Otto Stackelberg
i-NY2vEoe4HTkpb5bQ9ByBgQ,Johannes Gripenberg
i-NZKAm3ErTL9hjBC4SPLuqU,Adolf von Bonsdorff
i-NbLP2Nt1pfin8JxryLMYRd,Heikki Toijala
i-NbSptXiZKGLtChSMzVsm4n,Gustaf Fredrik Sneckenström
i-NcxEYLNAvK4g34toLZ9Xmy,Hjalmar Fridolf Samuel von Troil
i-Ndoz7NSGawumf9wRE9WPFY,Carl August Standertskjöld
i-Nh9zLKZnLGy4jBe4znCjG3,Karl Fredrik Grönberg
i-NhJsA3ABbAMLYTMuFqgSpb,Juho Astala
i-NhaCf8kMDuGNBTufgaKJj2,Alexander Otto Ehrström
i-Ni6TkJz5gHK9gkCs1fQnPw,Erkki Juho Warpenius
i-Ni7ZXhkyXJkTLKyP27EfJg,Albert Lindh
i-NkQqrLFDbfL6PHpgSiTkBZ,Mauritz Ferdinand von Kothen
i-NopaF9v8qja8LhSbbnnb2M,Kalle Piilonen
i-Np41SwUHwR2XNxuHxkXohs,Karl Gustaf Ehrström
i-NpQ4pik31NjbjFQK1eTY2D,Erik Viktor Petterson
i-NphcP16j5qu5ntda7ML8DP,Petter Klockars
i-NqCyztYxbvpx95V4SwQ6nX,Ivar August Wahren
i-NsHXM2LemEn2bjvkhHbwra,Claes Robert Stenroth
i-Nt8YGKJiiZ7gv6xC2bwbfr,Gustaf Adolf Konstantin Gripenberg
i-NtosEyycMypJu45DLSKt8a,Rolf Boije
i-NwG25Q1tZQAtUqrP7VkCNr,Adolf Waldemar Wallensköld
i-NwgjBH8eQNFcHLKVJ2kSzp,Hiskias Kirjalainen
i-NxYVE3KzeNrGHSJrekxTNq,Johannes Lundson
i-Nxfsn5PHzYhH2DmBcoNnAc,Fritz Arthur Jusélius
i-Nxfsn5PHzYhH2DmBcoNnAc,Fritz Arthur  Jusélius
i-P1yFwRyuDa5Fsq2kN6tcBh,Urbanus Koistinen
i-P2TB7uqML45WSXmGGyBpbS,Reinhold Robert von Willebrand
i-P46k6zjdqv1UvTq7vDZKhg,Magnus Fredrik Clementeoff
i-P5da9MFNVQpRhU72ekmUz2,Gustaf Oskar Teodor Nordström
i-P5yxBbcUYC7ESsTCmTiwPG,Oscar Wilhelm Andstén
i-P68mLaom1qo4nAwfyux1WP,Rabbe Zakarias Wrede
i-P8ZyisnHJoEetVdab3w2LR,Oskar Backman
i-PDBzu2g8GGcW9r8Ka5csJL,Claes Samuel Segerstråle
i-PGPnV8fzHG46P1xAtDeX6J,Henrik Johan Standertskjöld
i-PHhNjXUhesTG1v74LgJRHM,Alexander August Thesleff
i-PJNZ42wbWSKxA8Fx3hejJx,Herman Roschier
i-PJieNR5tUWvJeBkxF7Dr9F,Fredrik Jansson
i-PKPe2Nyabt6ctrsa6d5cFL,Kalle Myllylä
i-PL2Bg7AL4FXe6jqQmTycGd,Alexander Etholén
i-PLyPRr4UAy58WNh8KVMjYT,Bernhard Estlander
i-PNHAmRdMEAf83M9VATEtRt,Erkki Klami
i-PNmHnqPyRhVYDfz1Hy5FYA,Karl Hjalmar Rosenbröijer
i-PNuNCbEDkNbdhUFXgRbJsz,Alexander von Daehn
i-PQT9K9ugXfybjCdmJX2bbf,Maunu Ossian af Heurlin
i-PQjdcYv8HUE6sNCSihTk2j,Elias Malakias Rosengren
i-PSA1xqURUBt3dZpg7w3Mzs,Gustaf Gädda
i-PSCkTqovb3Rb4FfC2FAyU7,Fredrik Stenström
i-PSxzUhNbXQgjwkYXdXsr9W,Frans Axel Herman von Knorring
i-PUGEJH9kXtM6B1imKCMoex,Johannes Schwartzberg
i-PVaivFSAuPU2ijJgx7Qfen,Mikael Lindén
i-PX1FwcYEjVrTLmnqUwwqS9,Hugo Lilius
i-PXuku1HofhxbHupjzJDbQt,K. J. Högman
i-PYQaaQwp6fww67Sfuv5pS2,Henrik Christian Nordenswan
i-PYWvB334yLWEhtwkxgXUPF,Iisakki Holmi
i-PYevqfZGZ2L2kAxK5yJAg8,Johan Bäckwall
i-PakNJPLNiG83PD1Hqsszw6,Adolf Grotenfelt
i-Pcaa9EgdyNW1ATcp1he7Tu,Evert Wasastjerna
i-PekxKWsZ4bgFrbFj9LrEem,Johannes Wilhelm von Nandelstadh
i-Pf75wDVPHr1357N9G8kwHc,Nils Karl Nordenskiöld
i-PfNDvdPUw3V2yuQ3zFXWwn,Otto Reinhold Grönholm
i-Pfw4BTaDP6k2iypU8dU681,Adolf Aminoff
i-PgAMU6BqG36U1C18dfRoTQ,Fridolf Leopold Hisinger
i-PgP4VQLBSWeqNWkwt4rYeN,Antti Waris
i-Pn84JtGdutpdSwxbgQUoER,Juho Kotilainen
i-Po86c6SzZBrRp2cXNt7vbS,Juho Jormakka
i-PsebhHbMPp7TojDsoDt1hW,Axel Lille
i-PsuoFALePn9dpFRG2m5nm8,Rolf Lagerborg
i-PtuyxaDFzQJ2vXUDYSKW5C,Anders Oskar Törnudd
i-Pvw9EBwj6b461Z2NzQEMrw,Ernst Dahlström
i-PwYmt66Muuq6LCAKqgJ6bg,Johan William Forsman
i-Pwjr6vGBf5sGMw2BtNjBMH,Edvin Avellan
i-PwnzQwwr5bqYkhupZAh7NR,Wilhelm Thesleff
i-Px3G8v88wqcrbZDDAeY4bn,Berndt Gustaf Emil Blåfield
i-PxM4zoed54FM2xN5phWky8,Johan Henrik Ilvonen
i-PymBN8Lia6PetBUJoeuz2t,Georg Mauritz von Essen
i-PyyELpiiVyvdj4dMGXBMfd,Axel Ehrnrooth
i-PzVQ4YLaWeM7pNS6Ys5uUd,Gustaf Ivar Blåfield
i-Q1N8PN7b15c7kKuCCwqBkf,Albrecht Fredrik Richard de la Chapelle
i-Q1ibeZgVwdgK9awDnvXcF6,Nils Johansson Aejmelaeus
i-Q21ZTbWmznLGQxXvyNXGvX,Karl Johan Agaton von Numers
i-Q5EydXH8qjLRMePzsPkUGU,Julius Emerik Jansson
i-Q6qBz6peRTuLmwUG9fGTUi,Frans Alfrid Aejmelaeus
i-Q76pbjMuE4qKSn7QggecGP,Herman Hellén
i-Q95QFncTZFNWLCngcWrEbX,Woldemar Alfred Ludvig Rehbinder
i-QBzR9quZuLUvCqxCppFswG,Juhana Ylönen
i-QC5Cyy3W7sCFLULXRbi4Rm,Johan Alfred Nystén
i-QCMogBudzNTMKFVRyUTu7u,Johan Fredrik Kerttula
i-QE8zNVMp9Xs7sAfD5qKxFo,Carl Adolf Öhrnberg
i-QEY8yLYiTTD8YcFBZFzwF5,Matti Leino
i-QEfPLQGwwVw7e6SHKhBgS7,Georg Wallgren
i-QFtRtd5gpiAbTC23qvFAwg,Evold Oskar Alexander Kuhlefelt
i-QGPtDAH1rAzUX1zyuF6Zjh,Antti Haikonen
i-QHeFmPFqTzUKYegijGeky4,Karl Fredrik Stenbäck
i-QJ1ZkTV7SwMpxh2ZB1Guar,Richard Heimberger
i-QMgGCwPHvJ4CXVz7N7KJek,Ivar Rudolf Forsman
i-QNhMBum6ExbBrKvo7ygXjB,Karl Wilén
i-QP5DJLaZH6HrKA2LVXwim9,August Filip Armfelt
i-QPoFfjW9PNsnWHP2wwCzA3,Henrik Josef Gustaf Mechelin
i-QQ7rzMcvpGv1RunkkD3Hgv,Johan Wilhelm Runeberg
i-QQY41pDJEC5sc6i2RxR4Hf,Karl Henrik Hagman
i-QSofAA7uWWcxZqxLFXBh9g,Anders Georg Emil Munsterhjelm
i-QVeVTFe56BkTfwnYuwAieL,Hjalmar von Bonsdorff
i-QVrcwFYjcxwn93KdWmPBk3,Johan Viktor Johnsson
i-QWKeMQ8ikAFs3HUhpwcTcY,Fredrik Ehrenmalm
i-QWtmceu5tuL6iNKSbdGPzi,Carl Fredrik Forsman
i-QXBKraZHyPiE9z35xJ7hrQ,Matti Holma
i-QYHzVDBkaHwTabbuxDayFN,Carl Mannerheim
i-QYXUQL1GRL9Dj9W63s5z37,Kurt af Enehielm
i-QYn16ak5qeRq4d9Vrw4qd4,Gustaf Robert Alfred Charpentier
i-QYxULRmLP8R5DCtgrjvZn8,Henrik Sovelius
i-QaTCTm7zbJdPwtSKAQ6xKM,Juho Ikkala
i-QcNomwuvdVFymGu4tEokDW,Adolf Edvin Arppe
i-QcsjR5Y3EcAYrfuf6exqd2,Johan Reinhold Taube
i-QhncDJ9GjFzajpogRjMHPM,Vilhelm Pääkkönen
i-QkiuvQensCpwWyAWks6NUq,Johan Emil Furuhjelm
i-QmDvF6akeQRHNrBxFgwyU3,Antti Juhana Mustonen
i-Qnp6pqgLniPF2sFKE6V5wi,Alexander Wilhelm Lyra
i-QnztxA9UA85K7Pcdod4AWL,Fredric von Rettig
i-Qp7sJuXneZjAk13ibBY1Fi,Gösta Björkenheim
i-QqBB3xoTfxVdjYr5NQonYt,Lars Emil von Haartman
i-QrXbUARX3WXzHQ9txYadDP,Robert Björkenheim
i-QsddKiAiTQrxhHXVtrHq6U,Aleksanteri Tuloisela
i-QskzHhWrhp8unnoSpbaboW,Wilhelm Fredrik von Nottbeck
i-QtRE4wiVPvYZD95obdru7G,Frans Edvard Molander
i-Quofg7cvFSNhUVrVFqCsCJ,Kalle Viljakainen
i-QvFYn2SbCevwzepahRX1Eo,Axel Fredrik Charpentier
i-QvZND5bsUMbLd5okrAcPB4,Vihtori Penttilä
i-QvmSKDnRAtXr4Y5xFUdyFL,Waldemar Schauman
i-QwYQDZHC3TqUfTjTHbxuTf,Johan Leonhard Pentzin
i-QwcTLbpo4YVwryjr1GArpy,Otto Mauritz Nordström
i-Qwef1SgV2CKvjcNDkxWaLb,Arthur Rickhard Ramsay
i-QyPgAFSeFwkAKAaSYDLYCy,Edvard Robert Ludvig Hedenberg
i-R28UTns33JCA99kCLanPzS,Edvard Grönroos
i-R3sJekkutyVdAe6K3GTP3c,Nils Henrik Pinello
i-R6esB2VMiCeF9f4oaXQg24,Simon Wilhelm Nylander
i-R7XPbPqdwJug3bA6LutgV3,Hugo Richard Sandberg
i-R7vN6VeBQMj14FAtddnDir,C. F. von Wahlberg
i-R8cSAzux46z13Kz116RqYq,Svinhufvud af Qvalstad
i-R8pmgSjrtL5RNu17k6YJJ8,Gerhard Pehr Alopaeus
i-R9GysjTqcGUJdiX7U42BXP,Mikko Karjalahti
i-R9jTBuaffAFW9tqnohzFxo,Samuel Henrik Nordström
i-RAMm5EB5hewafqayKtSYFU,Kaarlo Fabian Rautajoki
i-RBMv4NKJqVbMmhQsYSdbLb,Constantin Linder
i-RBWCuLg8kwt5DsDhYULC5s,Gabriel Rein
i-RE9ioS2PcNCNiD9EFU1fDJ,Isak August Björklund
i-REsb3HRKixELb2Qs7KmBoM,Axel Björkenheim
i-RHqygXe6TkBr9hHcesVUv4,Viktor Vilhelm Söderholm
i-RLK2wujPko39urNNKUwfR1,Adolf Wilhelm Granström
i-RLs3KN5zMfehHXGTrj8v3o,Kustaa Adolf Raitanen
i-RLwFsttUZJapjD32D16Mxd,Magnus Erik Alopaeus
i-RN2xBfcNHm4QFV3THjTHgy,Karl Johan Brännäs
i-RRrbfpAgX7PwDQKMpoJV2G,Knut Wasastjerna
i-RSUNuRBeN9QEuyvaqF6vTD,Karl Gustaf Lagerström
i-RT3U6VrgfFvTbEBaT1WU4Q,Alfred Burman
i-RTvTgtKDAuhsqLL4VrqGxQ,August Edvard Granfelt
i-RUbcSSRCcGyP1SMHNcHDBY,Gustav Vanha-Seppälä
i-RUeFTJDk4Bcmi5Q2QfrMYL,Samuel Gottschick
i-RUfth79dYLH42WsVVpJ1J6,Felix Florentin Serenius
i-RV7q872vpjZkC5xzMMKEib,K. J. Ståhlberg
i-RWAcu32ZUF2YvpkQeJcFND,Arvid Järnefelt
i-RYRLCW2s7dknqNzUos9PeB,Gustaf Edvard Lybeck
i-RZhydE7SX8RvSkiFoBh92E,Harald Victor Wilhelm Furuhjelm
i-RZrdQe9EF8epc2oUiYctkq,Johan Albert Edvard von Julin
i-Ra6DZsbiF1Qi4QsVYUsB4f,Carl Axel Gustaf von Christierson
i-RazorKnY8QnsosmjEpa7Cx,Johan Herman Lode
i-RbShaK3GemTXX3EKJNmQqN,Robert Olof Lagerborg
i-Rby9gqrGcd7k1U8tGWeVco,Aleksanteri Gummerus
i-RcSCmpxriPBQokni59zaX1,Axel Gabriel af Björksten
i-RdVg2ED8jziUyqAhpvSx15,Kyösti Kanniainen
i-Re4PUqw3hSF2gYzFAbLco4,Erik Johan Kännälä
i-RemteiT7sCE4ug9DvwUUZU,Ernst Lindelöf
i-RhBRSkx9yQCaJTuJXtgxWb,Gustaf Dahlberg
i-Rj2c8ipnAPEZ4wgVvsAFh2,Alexander Wilhelm af Heurlin
i-RmokoW7hqqBTHEKbGg3DNm,Johan Philip Palmén
i-Rp2PztPk5dnCsvQTKH2P2F,Arthur af Forselles
i-RpVDw6iitmizfBXkZBCRJA,Tuomas Kuisma
i-RpxSvxG4amN4EMcdgkbpKE,Henrik Adolf Mechelin
i-RqAPAC7S2CX7e35kDsECyi,Adolf Albin Sopanen
i-RqnKaG4Hk193aoEnE7oY7w,Robert Emil Hisinger
i-RrQ3T3si3z3UVhi3RdhVzj,Axel Johan Alfons Spåre
i-RrrZcYmz8gMNNh9veSLgyy,Hugo Standertskjöld
i-RtZYJRUio7AUd7ime4k5jZ,Abel Jäntti
i-Ru1jMpqP9G8A3wM3W5Ufdk,N. H. Pinello
i-RuWjhvcLonqckZ5vuFTfDf,Elias August Ekman-Isotalo
i-RuWjhvcLonqckZ5vuFTfDf,Elias August Tunkelo
i-Rvm4fcZPK4D2qhoK2MNv7C,Simon Louko
i-RxDaXQCkTN5K77BYobYMRs,Fredrik Paksuniemi
i-RyyZbpWVhzYMm59x53dQgk,Ernst von Wendt
i-S154YmFsimHxrDU4mVt7UQ,Einar Ossian Schauman
i-S1pw6piuuiCbir7ePXdqY4,Petter Johan Bladh
i-S2JvqMtVriHzJCtaWZ97W7,Antti Puhakka
i-S3BEuv7Bn8ayM26jYrr83J,Adolf Natanael Colliander
i-S3GuL4uWXYcmpjmQUj9PCt,Valentin Gummerus
i-S4GmUj8rHy9f5UtwUyzeuT,Fridolin Stjernvall
i-S4N4b2keBxeCJJKy8Ryks3,Arne Cederholm
i-S7HnBrDttPGxM4jsJ8CmK4,Carl Anton Broberger
i-S8BUZ6vnbJpzzmYXeu7wqs,Knut Svanljung
i-S8XRVnYxVF1uWdqPN4vmHV,Karl Johan Robert Standertskjöld
i-SBWbVTV2f7vdAPCNzHq9rq,Magnus Jacob Alopaeus
i-SCDfHvQhfbb3ozrfTxB2Ni,Johan Viktor Hildén
i-SDx8XWaQ1pBA9gKiPinHpP,Juho Nissinen
i-SFc8hpHHMKPoBCPMh5HGZC,Gustaf Adolf Langenskiöld
i-SGZvu2gmDdnsbFXvehPV56,Emil Waldemar Cedercreutz
i-SHv8JmjxjKq8nKf5WMXEG1,Karl Fredrik von Born
i-SJiwEStodzYuHjM8tq7Dmg,Fredrik Kristoffer Tawast
i-SKPZwEKXE7hX71KKJrTCDN,Johannes von Haartman
i-SPqs6qVLvM2YBpWYSvfLES,Kristian Trapp
i-SPwXEDwrmRhThsKjhJmzBQ,Valfrid August Vilhelm Blåfield
i-SQJ5Monvd2cwvwoh9Q8GtZ,Uno von Schrowe
i-SSc9zSnPAgfhX8h2yDhK5b,Fredrik Järnefelt
i-SSeEffZt43Kvtrd9Cx5n3r,Robert Tigerstedt
i-STAnaSXq3Wzd8jSfHgfAs6,Antti Uotila
i-SU2n35iQoWZU6ahNBi2tN9,Karl Fredrik Munck
i-SUa2EAYaUVdKXx1Hip3kos,Hugo Schulman
i-SUpmw56zMz2APdv8K23tDg,Ernst Gustaf Palmén
i-SVUC6CZ6K8PYcHFwEQ5T2T,David Karppelin
i-SW1vHpQ8FCcrVNRvfdz5ft,Robert Severin af Björksten
i-SWcAb2S58766GiVqcK2yWq,Johan Gustaf Wikeström
i-SXNWTjE9HN5oyuWqsYxf5Y,Leo Ehrnrooth
i-SYnSDfibYZd7vBXM2DWy6m,Frans Ludvig Schauman
i-SZ16bZKoDB96Toq5hKxNqX,Simo Frithiof Parviainen
i-SaCnJmAftzcnG2e8XYGcL9,Robert Hermanson
i-SbX61wokaS67ghtHrcjkgQ,Gustaf Robert Ehrnrooth
i-SbofGedkQmSvXcY3kuYV13,Johan Starcke
i-SdMoUcpSHjToPwQR4EJX9T,Krister Jägerskiöld
i-SdgbXNAKksp7Y4D1ExsyJV,Oskar von Schoultz
i-SfCwsq5Qek5Vh2jkQ6X17W,Fredrik August von Zansen
i-Sfn4EsStf31pPRaBmW4Hw5,Arno Reuter
i-Sgc98ZDEzcXD8Ee87B26PF,Samuel Johan Vesander
i-ShSqKxsKjsrqLxqcDTQ4vS,Carl Johan Armfelt
i-SiFian5B3vruST13ZFJvMQ,Alfred Henrik Balthasar Ehrenstolpe
i-SkK4TRBZDox3b1jvm2qT2t,Gustaf Gideon Forsman
i-SkKUXsPiaabPiKXqGWU5WM,Kaarle Kustaa Hegerström
i-SoWgEmbVTmdPn2HvTMFCF,Gustaf Albin Wasastjerna
i-SofurPRw3EL6yyFJXakZd3,Axel Henning Krabbe
i-SqM5eM5mRQL5Ezs1SSYeE,Ossian Bergbom
i-SqM5eM5mRQL5Ezs1SSYeE,Ossian Wuorenheimo
i-SqQK7dWUc7zwppHradamvV,Fredrik Nordmann
i-Sqa5GC1t2uBEPmCRzkYfks,Julius Dominicus Pinello
i-SrGiafTSdSwpad4RB612Eg,Henrik Solin
i-SruNgxePrM2C8QjDrT3xNt,Adolf Nousiainen
i-Ssz6NPb9rMtK26HHXkXoyb,Lauri Kivekäs
i-StNDotZqCKLbRxhLrc79wz,Juho Malkamäki
i-Svni6aX5bhGV2ryvepBXto,Georg Ehrnrooth
i-SvyiLaCvhwTTq33XMRDDFu,Artur Edvard von Bonsdorff
i-SyVV264UBZ1JB58yfmkdmz,Axel Ekestubbe
i-SzT9Ti41fPxiEJHVPCHzAT,Theodor Tallqvist
i-SzVBBvxt1aGJ6jks8D2Q5W,Rolf Thesleff
i-SzqzswQ1RPMaaeiMYjG5Ca,Anders Gustaf Westerlund
i-SzsXtoTJnMbV9EcXuXLoAy,Carl August Gabriel von Haartman
i-T1J3nBEQ2dbgwg4zHwkNeU,Reinhold Ernst Petter Jägerhorn
i-T1yiXmDGyDLcG1pnW8cW3f,Petter Adolf Brofeldt
i-T2NvVpCbguQDo4BsdWUvRd,Juho Rudolf Forsman
i-T6iwtdGymhfhiK1c7VMUXe,Juho Pere
i-T6mMFVzHVrVXYdjMx43gXd,Josef Adam Joakim Pippingsköld
i-T6nMGQg3XFKJ9h18Q337Aa,Johannes Granö
i-T7obg2BNJjQHgCfqJQDHo3,Gustaf Richard Idestam
i-TCQs5DXsZFoCfJSdbFZHQZ,Constantin Nils Lorenz von Schoultz
i-TCrqeMQR8TfbBknsNKpx1w,Knut von Troil
i-TCwLfpuQKKUCxLk6FY1oaA,Johannes Lagus
i-TDFeRLpapo8KPRobArnpEf,Gustaf Lemström
i-TDorJwip9wZw86wKUvrc6g,Petter Akola
i-TGqE1UqnA73NvW2YYgmMf3,Lauri Vilho Laitinen
i-THAVuE4axrjJyKgs83WVGV,Josef Österbladh
i-TMtBCHpVArrzqFRZ7UamYA,Joachim Kurtén
i-TPLLng6ovQtEFTALxn8PZa,Agathon Meurman
i-TR13JsM23E7ipXqPtPdrJn,Theodor Tigerstedt
i-TRJUkgdtqj8YafcHWiunC8,Kaarlo Ekberg
i-TT9wVN7fF9yzm6SxBGQwCu,Emil Stjernvall-Walleen
i-TTJ6BfyGcHTAc3wu7ASwci,Christoffer Alexander Linder
i-TTJ6BfyGcHTAc3wu7ASwci,Ernst Linder
i-TUXNt96MoMXQnU5GkAysCA,Lars Henrik Gustaf Langenskjöld
i-TYnYVTeZurrqCheXFbt4rb,Alexander von Knorring
i-TYyoxCt17RVmpDAFKWJW3u,Felix von Willebrand
i-TZBstz6GvAASyzwu3ZCkyU,Kaarle Konsti
i-TarLwptG7R8SF5pg2iR5pV,Eynar Thesleff
i-TeVreJTGDQcrpSivfqbBtE,Lorenz Lindelöf
i-TenXkjdHcqi3QqXg8Aj7co,Karl Jakob Helander
i-ThLyS2PmaP8M3K7ALK22pq,Oskar Hackman
i-TmxEAscjG4hPj3fvW7XYWt,Axel Fredrik Granfelt
i-Tn9Nab3J9yB7jDsvGXvMxV,Frans Egenolf Eugen von Knorring
i-Tntgfg5AMMxYZi9wm5H9Eo,Aleksander Henrik Söderman
i-Tnx7FYE9hZfG2QfvLnTU8p,Constantin von Fieandt
i-TpRRxpwrPivaPab2rTZrGQ,Berndt Otto Schauman
i-TqHLa2ybuznPCSfNH3SkF7,Gustaf Wilhelm Ladau
i-Tqp3j9qYioq4RaiA7DM5ac,Carl von Bonsdorff
i-Trxigum19383HjWaEM7WN1,Johan Wilhelm Samberg
i-Tsj4S7NTnyj22gTiduh9tv,Hemming Åström
i-Tsm7XwQqjWpXrCqx4saGXA,Gustaf Alexander Tigerstedt
i-TtTfn6AZ2VRQkxNw2hsBsT,Karl August Snellman
i-Tuzd3ffhjuy1CAvyKR6n28,Kaarlo Johan Blomstedt
i-TvLg6gRhrHwFWkKK9i4FYA,Torsten Johan Aminoff
i-TvcxBipQbXEpB8ZmhBPP9x,Eugen Idestam
i-TwPvj87UckWE35KtsCMaGf,Herman Höckert
i-TxHTtFi8LDbM7cE3BQoWbp,August Kristian Lemström
i-TyPEdHTUkNhatf9Qa8vJqR,Antti Mikkola
i-Tyx5Yj2Vx6u9mvdwtU9AKF,August Hjelt
i-Tzqw5o3k7StUR6PUjM45kG,Herman Georg Maria Wärnhjelm
i-U1QRavA17bQzD48LdLt1tY,Arvid Adolf Etholén
i-U2A7cwzeuhuxLi8KooFg4u,Theodor Bruun
i-U5VP3ZVVSyQZXzf9UspkVr,Anders Häggström
i-U8Vqkv62s6s7Unu6nVAn1r,Edvin Castrén
i-U9xigf5EBj1snqzJ6rP55x,Karl Otto Reinhold Ladau
i-UBSoYX91VzS6A6UZDp8vNf,Kaarlo Kokkonen
i-UCUeNRpau2VHAPSPtoTzs4,Otto Robert Vilhelm Tandefelt
i-UDfLY4X7enJaiGPA89x5CJ,Adolf Aminoff
i-UEYzaBGkjvQa4ih72x4yeC,Woldemar Backman
i-UExNr1vRKnTpzE5pqzv3ir,Karl Gustaf Teetgren
i-UGnMF187bsPNnrbM6fZK27,Anders Gustaf Hamberg
i-UMDgoutWEYApG28pbuoncb,Juhana Katina
i-UQGJ6dJZneUpxkDhyzDuCy,Adolf Theodor Rosenbröijer
i-URXcmK1gDqhAUAqzy1YSPi,Adolf von Becker
i-USB6cv2Fm7N5MmQfNLSvT5,Adolf Kasimir Aminoff
i-UTTBHu3P6dThF85VUX7WFy,Carl Constantin de Carnall
i-UTbwd4tWVQkh41NUq7MAT8,Kurt af Enehielm
i-UUFQ5w6CUWXPKeDW8gRVf7,Elias Malakias Rosengren
i-UUyeSq5XfWnP8CiHSxbY85,John Axel Henrik Wahren
i-UVK5tE8K7bZTUBx3RcNPr9,Lorenzo Runeberg
i-UWUL9KSiGnCtXiXG4xP4QR,Juho Aatami Pelkonen
i-Ua1DB2ZaQu82Pj2Kg6ibbJ,Bernt Reinhold Alfred Rehbinder
i-UcisgbwAvcKxuWVnXtfHbW,Juhana Idänpään-Heikkilä
i-Ucum7yRc9FUd2VVaAbvHaa,Aappo Rantaniemi
i-UeCsY7Z8EWg5JUKatauFUi,Carl Wilhelm Franck
i-UeTxv9rgAELGir3fWfG4jh,Frans Julius Cederman
i-UgmPdquSGiPwy7BoLCfB14,Albert von Hellens
i-Uj41pyUbRiSWZy1yUqFnWq,Alexis von Kræmer
i-Uph3GH5rF8JZ5oRFmsKPyJ,Walter von Konow
i-UuNpejz63DNoacNWFAFjXE,Gustaf Viktor Eklund
i-UunQBxgJCJ91ySCNSRMCtw,Isak Oivanen
i-Uwd3FhczWxUpR2LEVAi2TD,Claës Gabriel Nordenheim
i-Uyib3B44zp4jbpLeobRbVt,Frans Tanner
i-Uz9hQVsckk2g776TVJEiWa,Edvard Ferdinand Bergenheim
i-V24KRbvVLtC2BtTHC8wN7v,Albert Heikel
i-V2gvXzy4yVR37t4spVqk1w,Henrik Robert Spåre
i-V4C4SLqoHKpdVigS9jN6JV,Robert Reinhold August Hedenberg
i-V6a5sMYUGVR1EQbk7LuVBj,Hjalmar Filip Palmén
i-V6v31r5joHKS4WkUQfSh1v,Niilo Karlsberg
i-V83jHaR3m6wSP1r1K3RJJ5,Nils Karl Elias Grotenfelt
i-VA18phdeUhvnx26XSUNWwS,Adolf Tandefelt
i-VBL3djAMpwMaHec7e4MQ7J,Fredrik Vilhelm Procopé
i-VCpCJj71NdM9emY6TEMzXG,Johan Axel Erik Silfverhjelm
i-VD9ZzJneAntKWjMSaVZzUN,Antero Warelius
i-VDpx7vFjSL3NsTqo3roC5x,Johan Mauritz Nordenstam
i-VDpx7vFjSL3NsTqo3roC5x,J. M. Nordenstam
i-VERhf75LTeyuyLzkXYFc3J,Kalle Oittinen
i-VFEu1HLKJix9SRhuJxAViZ,Alexander Wilhelm Lagerborg
i-VGFz9DroijEWpEY772XNUv,Otto Vilhelm Ehrström
i-VGqPqFP6tmzxhZ9q5yFquP,Axel Gustaf Mellin
i-VHc9ZxmKrE7rcDAopm7C9X,Lars Karl Krogius
i-VJd1sRkEvmJaYFDuVLDdQx,Michael Leonard von Blom
i-VKbGtZyZXWpUPkoMXnexMm,Georg Wilhelm Paunonen
i-VL6tEmBdFX6K3RRRFJKTbB,Fredrik Hjalmar Stackelberg
i-VMiu46ZbZQFSbhRZC35nUJ,Carl Gustaf Emil Mannerheim
i-VN2FCbotgRvTpDEDEy7Djt,Johan Robert Hugo Nordenswan
i-VPZ98NQpXxvA33auBBTxBC,Frans Nordlund
i-VPkGALknWhkvyLEqpQP32A,Magnus Lavonius
i-VRBKtqgHmrBZBsBfH5E1d7,Carl Gustaf Lagermarck
i-VSjkKAAk1uTMFyXiJQ65Ef,Johan Fredrik Sebastian Gripenberg
i-VT8ViKQJT6VrXwypXJkshs,Juhana Emil Sandelius
i-VTKTKJy5YhuQPiyvf9Mvh3,Kaarlo Vilho Piintilä
i-VTKTKJy5YhuQPiyvf9Mvh3,Kaarlo Vilho Hollmén
i-VUMq2T9TJQkqeXhFKWWYC2,Juho Erkki Antila
i-VUPS4htBc7spKyCvDEph4z,Kustaa Killinen
i-VZBCP48WcB68XodCJB2hkH,Julius Stjernvall
i-VbQi5D8Ho9a1gwVtHWXrrt,Johan August von Born
i-VbijbarJj8Cbtn5pJgYV5x,August Fredrik Jansson
i-Vc7wHXXgr84Kd9xt5RJJfQ,Wilhelm Malmberg
i-Vc7wHXXgr84Kd9xt5RJJfQ,Wilhelmi Malmivaara
i-VdydETaWU2BpZVHpNTDKnE,Robert Rannikko
i-VeJcY7HKzWYk4AsDj8GPyn,Anders Johan Hornborg
i-VethMAkStv2TxN6zR2A8eZ,Theodor Aschan
i-VgXbiJ1DeKP1NgamtWyuHV,Johan Lindegren
i-Vh1dqy2xKpjHzkQPmypXH2,John Flygare
i-VhermKHM28DnXffrtUcaPR,Albert Ludvig Lindsay von Julin
i-VhqCtxytxwuCQMhjHGTkar,Johan Fredrik Stichaeus
i-VjoMm7nnMwaZ8DuJw2CtUT,Hjalmar Linder
i-VktczYTWMxgfGa6SKm38YK,Curt Gustaf Stjernvall
i-VkuiHGgLJdSKNMjCERptXT,Frans Henrik Malin
i-VnH4zjf69L3FmLnnG2A94f,Gustaf Wilhelm Liukkonen
i-VprBVce4soGLYgngLSjo1p,William Koskelin
i-Vquuv2Q1nBy3xPM3DXsFHJ,Emanuel Berner
i-VrYVhWgWmsDTenThaELYuL,Eljas Lönnrot
i-Vs4QzRgBgAecAXeabLq3Sy,Kaarlo Kristian Mäkinen
i-Vta7BDiM8BB6Zkf1iBczRE,Julius Immanuel Bergh
i-VuFXik3an1WSAwvRAZq3C7,Fredrik Willehad von Wendt
i-VuLqeb3wtSmZj2UyzG5TGX,Fredrik Wilhelm Thesleff
i-VufcVdAFzHbWaez389tPVQ,Karl Anshelm Packalén
i-VwHReWhJrcC7zhFiznhRg5,Juho Anton Sjöblom
i-VwibmpSUHRf18jjByiX717,Ture Birger Wegelius
i-VyRQHiuU325bocyuNaMNwp,Alarik Hasselblatt
i-VzA3Y3NQhrZkNndvb42d9,Antti Kaasalainen
i-VzdTpoMPYaepy5MGETH3Sz,Germund Gustaf Aminoff
i-Vzv6jbLwXadCgi56dVyMEE,Erik von Schantz
i-W2pfNtUzJWuFavRakcdU7X,Gustaf Filip Creutz
i-W4ibMT8ydrvyppRBYphuZ,Paavo Nyrönen
i-W6Nd2mXWGmeP1J6mr9WBfx,Adolf Juselius
i-W6pUWxkMs3AK6Keb3vy9Bi,Mårten Fredrik Ringbom
i-W8Db684k5G37wqhA7J42ay,Anders Henrik Snellman
i-W94aUY8NPZQ7m8XGzCsgvN,Yrjö Halonen
i-W97admngEZmB9PfMzhcTXo,Gustaf Axel von Kothen
i-W9WfZerRzSkwj8v7EYcDVd,Arthur von Weissenberg
i-W9tJUpUq8nWxoZLkPDM5da,Nils af Ursin
i-WBMomudNy8B9hzNBygMzwC,Gustaf Emil af Hällström
i-WCzaY3RxHpZPCCrEhQE6FZ,Antti Tuomikoski
i-WDfrjo9XSDsQ5CApS6Kfxb,Johan Reinhold Taube
i-WDz4vEw2eWZxfr4fnr3ev8,Walter Werner Axel von Troil
i-WDzfUFdb8g6zrgyW2rE1KR,Gustaf Tigerstedt
i-WEZivZLhRSkR9TTeHZq7E2,Juho Pernu
i-WEteKry32GJE2GnMiyXxih,Carl Ferdinand Borenius
i-WF8BWGJBsroMfDPtmAkEZt,Fridolf Linder
i-WGFFutszVVq2r6eHmqYcyB,Knut Munck
i-WGy8Gw4oVSFx1b6GQHaCUq,Karl Leonard Schulman
i-WHeNLun3hZkxgSCF9XBKKL,August Nybergh
i-WJyvVSfmgdVMjZNnsdy3tG,Carl Erik Mannerheim
i-WKYZS9w7YwXk2iBPTNxqW8,Juho Herman Jurva
i-WMa3i1Fida5Xz9rbdPwSCY,Mauritz Fridolf Hisinger
i-WP95ziWCZ9e7snckaW2g4Y,Henrik Carl Gustaf August Standertskjöld
i-WSpBHvAdJZSHPeYBmp446w,Karl Reinhold von Willebrand
i-WSyB6pTTNa91z1Kf4EmD6X,Henrik Thomas Adlercreutz
i-WTPJdE9dsMppVoEfCh64m2,Carl Theodor von Frenckell
i-WU1bZzJFp2hYGt3zanqwPH,Nils Jonas Gammal Ehrencrona
i-WVKwwkZcuPEpz3Brz94buW,Heikki Hannikainen
i-WVXdqsXffbuVYsgyHLau3U,Johan Gabriel Geitlin
i-WXLLFK1W2bbmPmonvvGKY8,Aaron Gustaf Borg
i-WXevWjzNj6QC87KLVY3her,Johan Ulrik Sebastian Gripenberg
i-WZrjaFeP6M4ENU12xLztDg,Fredrik Vilhelm Fredrikson
i-WaH1WaJMCBdN1Bjkr3fv3n,Carl Osvald de la Chapelle
i-Wc94mfKvFCXNZujj6r2PaP,Johan Fredrik Ahlberg
i-Wcky67Qf2rGc89qYWAKwSZ,David Kalli
i-WdzgZrDyFkeshj849nXyrU,Axel Edvard Wasastjerna
i-WfUQPfBkC1vMdzuPBj75qe,Waldemar Stjerncreutz
i-WfaPXmrfKy2M88t7q4ZBr6,Mauno Rosendal
i-Wfy38pQM86JQxSkMjXDHU1,Knut Gustaf Victor Furuhjelm
i-WgDPTcF2uez6JDVfYnxVob,Edvard Reinhold von Ammondt
i-WjNrP4V2Q7sQnyWHLYvkVn,Frans Fredrik Björni
i-Wjj5ppkYCuFJumysgbMA3b,Sakari Koli
i-WjuDQ8j1vsSw67QvPoaiQn,J. A. Salminen
i-Wk2CGMXF9NZnSdq26M5ZN9,Gustaf Johan Reinhold Cedercreutz
i-WkhLF7apn5pbUJ4sLuNjnS,Reinhold Ernst Petter Jägerhorn
i-Wm7PMNz5UBwoc7LvenHUrr,Petter Kumpulainen
i-Wm7PMNz5UBwoc7LvenHUrr,Pietari Kumpulainen
i-WmCgR2ofpyD2aLZYfNf7f7,Gustaf Petterson
i-Wmc4io5AhKpixJuNytdtVe,Martti Kykkling
i-Wo1jXQwtCLaoqebdZA4xi6,Achates Ferdinand Gripenberg
i-WqCwSrRYdPbFEUgRi8a3PH,Erkki Reijonen
i-WqgsxWePjro1Bvm87VExid,Tahvo Riihelä
i-Wsd1nrWEpNDoxuvqvTmVJb,Axel Kyander
i-WtbprdVHLEQzfY1r3J5vvD,J. W. Söderlund
i-WtiFTQjstvy78fAdBcCLFT,Tomas Erik Robert Adolf Adlercreutz
i-WvyDUpkmCVdzKarM1fgrCN,Frans Viktor Eriksson
i-WxkgwPxqMpjFtfmAZTrx6L,Johan Gustaf Schatelowitz
i-WyWDwtFVYiUTfBNGyKxSTL,Elias Hirvonen
i-Wz72rDtteZJjjXbMTzBAUr,Albert Edelfelt
i-WzGDNnRe7z1ZDfiCvTwhVz,Lars Magnus Björkenheim
i-X1exK7m1EkUm3uWpKK6nBG,Bernhard Anton Harald Indrenius
i-X1nJ4shXTnndLogA9D39Dh,Israel Karvosenoja
i-X2qn6TAe9gTfibhdeaJgEc,Eugen von Knorring
i-X34Zne89V23zWXu6gQymw6,Karl Johan Alfred Björkstén
i-X34gja94d5HVzrAjCKC3Ve,Karl Johan Oskar von Numers
i-X5W1rrN1xx2w7oSS9xukaA,Juho Kaksola
i-X9BEgeY2cHDN4Ry1iBZd3W,Anton Wilhelm von Schantz
i-X9eEjh4Va2BNBd1gCaYmjx,Nils Anders Gadolin
i-XAhPHpjCL41PGZ85XdBSmS,Alexis Gripenberg
i-XBaXvYuZryRzUve3CsdBVd,Jost Wilhelm Hugo von Qvanten
i-XCD42yBHNtQaD6vrHPaNvi,Wolmar Schildt
i-XDB8RGNdQBznykTAvXXYNU,Reinhold Brix von Böningh
i-XECbcSYaNcvb5x7iyCcZ7N,Teodor Natanael von Pfaler
i-XFG5NboAzDmbDVSakg6Foh,Knut Albert Segerstråle
i-XFSBcMLXvFzb27PDUYFm4d,Johannes Alarik von Knorring
i-XGPXP8D7JvJUuYaL7474G4,Pekka Anttonen
i-XGkmxbZJdVrXVST7BkBm6v,Berndt Adam Emil von Schantz
i-XJR7uevATUzzKS5t9xJQnw,Teodor Carl Josef Hästesko af Målagård
i-XKTuoFdsf9eemAkMBbdAd2,Paavo Nykänen
i-XMfzYUgiZP2sqpyvq3GsZR,Wilhelm Kaitila
i-XPsFtNapCWqxkfZ1X9V1o7,Wilhelm Lindstedt
i-XSfL81tGKVdgNb1sbowcRU,Henrik Ludvig Alfred Stjernvall
i-XTNab9aPye5VciPF4orRsR,Carl August Johan Eugen Bergenstråle
i-XTNab9aPye5VciPF4orRsR,August Bergenstråhle
i-XTNab9aPye5VciPF4orRsR,Carl August Bergenstråle
i-XTm7WfMb8Qz55wD74N5o4P,August Herckman
i-XVwe7aSZ67FF9bsR45srHv,George Granfelt
i-XW5vSkDhiDBuTQzpqfPxmM,Gustaf Adolf Lindblom
i-XWhq9o5CBki3q9KV9bMo8M,Iisakki Hannuksela
i-XWr1NDzxxKPzbsdMfzX9ey,Matti Pennanen
i-XX58iVNbTSnEH8rizgTM7j,Adolf Törngren
i-XXg2bmhEiXiYrETYEK6PnU,Fredrik Josef Pipping
i-XY2Wg46nSUfV1fKXgzWdbZ,Kustaa Ruhanen
i-XYgDi34sFxHoNKXEProGwu,Ernst  af Hällström
i-XYgDi34sFxHoNKXEProGwu,Ernst af Hällström
i-XZB82Y2Aw4ynY8jE5tThC9,Kaarlo Hemmo Tiihonen
i-XZZYBmXAzVMnL5wScZ93RP,Victor Ludvig Alexander Falck
i-XbAQtPkdSaTdnLcpdJrmsg,Otto Donner
i-XdrX5sz6KhUNL37CYm7mKb,Edvin Gideon Wasastjerna
i-Xe1qZotGWfXG5fzCsN14YH,Berndt Erik Konstantin Hildén
i-Xe1yf2mfG5iEJKnJNPsqPs,Bernhard Indrenius
i-Xe6zkT3ZAe6cviWkF8esyH,Karl Stockmann
i-Xf4P3uUdXEXzZV8Cv8qecp,Ernst Estlander
i-XfE5nFNMTw34PVMQsqSvFb,Adiel Bergroth
i-Xh6wcQRwoXZhyJtJuX4okd,Jaakko Hartonen
i-XhpQXjgjbWqp6yVdMAGi9S,Lauri Tiainen
i-XiSYQEjNzcBCDTizmuknEB,Oskar Adolf Forsström
i-XiVVgVb5iaBAvUJZsKjy2J,Olof Blom
i-Xj65dQxSdAb1LuPttC4ShV,Jakob Bernhard Estlander
i-Xji3XqSCAwVoU2h1aq8XxK,Juho Wähälä
i-XkEFWENCgSbRNRHVF5Yyyb,Juho Snellman
i-XnKoEQBc4zdFKSgpu8qY14,Ernst Ehrnrooth
i-XqM7pnUo7aV7Yxy3ZM6vyP,Reinhold Peter  Nasacken
i-XqM7pnUo7aV7Yxy3ZM6vyP,Reinhold Peter Nasacken
i-Xt4UNfzoEXAEeMRiq8woYr,Onni Tawaststjerna
i-Xw1T5NcqeumcR7hAjDjZLF,Reinhold Brix von Böningh
i-XwfoiidAgTCtgCj7Rif9di,Jakob Axel Levonius
i-XwurehdUZDZDpgpsfFXQzw,Vilho Vitikkala
i-XxHWSADutiFLgftWhSc25j,Henrik Tervonen
i-Xy6WTVyN3GTMYt6Friycp2,Ernesti Forsman
i-XypnSwDxdz4tfuaeSVg3Yy,Antti Ahvenainen
i-Y2mbsnjJ1pEgjBPzSdDZn,Jacob Wilhelm Hisinger
i-Y2voexX2oJ7ccgMez4RrAE,Antti Mongola
i-Y59h3ky8p4w3hRToAKqdFq,Walter Heimbürger
i-Y6h5zrKenZWNZ9m3mhTxdv,Wilhelm Roos
i-Y9HwSnefcfc8ie1FV1Q1Pm,Maximus af Schultén
i-YBDQhZHegxy7S5wNs9ya1e,Arvid Michael af Schultén
i-YC9dT5MWGq8kuvyWVcgdax,Georg Kristian Oker-Blom
i-YD9Lp1sCoNudYqyQbWotVS,Johan Kelhälä
i-YEt1xaoG7yy8dMtmmaDBsM,Berndt Adolf Grönhagen
i-YHMajQHP5NsMtjp6vqMN7v,Eduard Polón
i-YJNjrPygwHeDZiSj5b39fG,Alarik Uggla
i-YKh2D6esz3YFMqvWKxgbLV,Lauri Keränen
i-YLK9ngJ3Hy7jbZ3cQDQ5eC,Matti Haapala
i-YMJd2SaD9XHRrshNNdMA7Y,Robert von Kraemer
i-YNSR4DwCvFByG8KLNWZfMu,Carl Johan Tawaststjerna
i-YPUGzhWUpP3GBkQwRddPq3,Georg Fredrik von Essen
i-YRHK5GeF8RREeVWw42KeFH,Karl Johan Robert Standertskjöld
i-YRUSTMTKkQzsZr3qcQikQb,Georg Schauman
i-YSBTPHzqKxPNqhdGFhMQLx,Bernt Fredrik von Konow
i-YTNwx2LtDGfsnAtXUoaX3r,Berndt Emil Hollmerus
i-YTYRaFHeP9T1FCPA23wN1v,Evert Vilhelm Bruncrona
i-YUNWAdcZxwK6EPoTDU2LM9,Reinhold Alexander von Willebrand
i-YUdcq76DdTwQ5My5zAadSe,Johan Viktor Calamnius
i-YVQKzLah672iDR8XteMqnh,Edvard Ananias af Forselles
i-YWG2zoJCnSjSfHuEoabeBo,Axel Spoof
i-YXeh8drHhcpgyiwTRWGYQB,Isak Löf
i-YYJFZMywSDXzBUdD975RJa,Suomen lähetyskunta
i-YYiFaxFNLAJM5W3icpS97q,Georg Nordenswan
i-YaBxVxSb356iXmkaP5o367,Johan Albert Kosk
i-YaJc7TK6KSJr3uwv6p5AgR,Arvid Neovius
i-YakdGNJeLBHm2ViyB8fUpr,Pekka Leppänen
i-YcDQHoEjWC4ZXi8YaWLrWD,Kurt Gustaf Edvard af Enehjelm
i-ZnoS9yNyJZCCCXuCn8DK7,Otto Vilhelm Furuhjelm
i-b3i8w9R8L3RFku1ZCrxgn,Alexander Edvard von Wendt
i-dSiPKWsKjPbZgZMJNpR3n,Paul Hugo Sölfverarm
i-dUJ9Gu38LQ6ZmTrMYYQ6m,Theodor Schwindt
i-drdyfse5Wuqe9KFa6pgaB,Paul von Nicolay
i-drx3oHYwjhh9pfERSJ75V,Aksel Emil Brander
i-eopnN1G8XrLSyWTXUh9Rp,Yrjö Sakari Yrjö-Koskinen
i-fA2djVh863LMVCqsSn8im,Ferdinand Alexander Kumlin
i-fkH59Hy1xPdkBodmom78M,Antti Kananen
i-iS8LzzYMsoqMTRxq4iVRK,Karl Fredrik Walle
i-izFXuH12VisPQyZuARAE6,Kustaa Aadolf Tervoinen
i-jgr1jkvdMBMBw64HgftTg,Carl Gustaf von Essen
i-juGUGYJwp7mX3MQnhUEoq,Knut Robert Karl Walfrid Spåre
i-mDkXzDtc1sbficmtdJof2,Johannes Ilmanen
i-mqFQ18ES1erLNMqHvDjc5,Anders Herman Chydenius
i-n3GLRgqXQXNFmkzaGwSPW,Viktor Wilhelm Öhberg
i-n6a7VyEhiNLSYpPQaXePD,Aatami Tiilikainen
i-rKkrw4Py91gKgDuj9u3Vu,Arthur Lagerlöf
i-raJP4KVhfRny4UGkxwDu4,Alexander von Etter
i-rhHTJ52pXmZ9omCrcdBeB,Kaarle Muttilainen
i-rmZHPkqip2GdUg6wv32Cw,Gustaf Sigurd Gideon von Numers
i-rtS2zvMx1CcSvtyFjApXZ,Juhana Samuel Junttila
i-tGWEqay9jMPreNU8uYRU4,Simo Ylinen
i-tmNmmQ5iKubJrqgCeZYdn,Kaarlo Castrén
i-uD1joERTReE2GhVvugpy1,Gösta Grotenfelt
i-uJPhM5gzTCASn1ihrkLtX,J. K. Kari
i-uXjb9J171HfAGASs8vqS9,Claes Johan Stenroth
i-uaf9jg3i5ZVHXz8W9JcaM,Akseli Andersson
i-um2SN8BNPktTMYG2CHe7B,Carl Magnus Mauritz Armfelt
i-vbgi84LNv1zVdZk7F59Mn,Jonas af Enehjelm
i-w54hMDMQynKjwXWGH2CGz,Theodor Ulrik af Forselles
i-wPTdRzX77zcPiX3pjEpko,Theodor Lindroth
i-yGjMXojJJYe9shNXsrD3N,Robert Ek
i-ynpFoT6aL9fCNEXJQNnuy,E. G. Palmén
i-yz5WqRw8dv6YYSDpDNaKH,Kustaa Kiipula
i-z1aA2KyhTnRjDaaHVeKnN,Robert Magnus Brunow
i-zC1JQ6HfsjfVTmDo1UNS4,Krister Jägerskiöld
