swerik_person_id,wikipedia_url
i-4pNngQyqmP5Kg5wWKeSy3V,/wiki/Carl_Gustaf_Bergh
i-6DuVyuC7kS7QorVNngNDKr,/wiki/Carl_Gustaf_Bergstedt
i-7PQtvWecq1Ua58ZFrCtdTC,/wiki/Carl_Anton_Bj%C3%B6rnberg
i-BzrNqqibkf4bK5hsMA9r4e,/wiki/Christian_Edvard_Boehm
i-BS1rKVRVpWVyF8aZNiP25T,/wiki/Leonard_Candelin
i-96BNtQaSvwr9KuTw3K37Pg,/wiki/Pontus_Ludvig_Dahlman
i-KNyQj1kXggVdvC3PWZkjqC,/wiki/Carl_Magnus_Dahlstr%C3%B6m
i-UeCsY7Z8EWg5JUKatauFUi,/wiki/Carl_Wilhelm_Franck
i-Di43id6kYb8YitBcHWJivt,/wiki/Frans_Wilhelm_von_Frenckell
i-KGaDYg8SvhTQwWAdJXsgTo,/wiki/Carl_Grundfeldt
i-Nh9zLKZnLGy4jBe4znCjG3,/wiki/Karl_Fredrik_Gr%C3%B6nberg
i-5jCKzdcZnraicuizSYLqn8,/wiki/Karl_Jakob_Gr%C3%B6nberg
i-EHtdX5jCKmh1XzVaChg5t7,/wiki/Johan_Fredrik_Hackman
i-Xe1qZotGWfXG5fzCsN14YH,/wiki/Berndt_Erik_Konstantin_Hild%C3%A9n
i-8s1muuYkJkCuHXpZxcYW4y,/wiki/Karl_Magnus_Holm
i-Fw8FPwmDv3ESpXNhmXoZYU,/wiki/Fritiof_Hultman
i-CFL7Y68fc6XBuSEp4v5zKb,/wiki/Petter_Johan_H%C3%A4m%C3%A4l%C3%A4inen
i-W6Nd2mXWGmeP1J6mr9WBfx,/wiki/Adolf_Juselius
i-ErefsCL6f7Lvk9iUbkZtPZ,/wiki/Rurik_Kellgren
i-2v1sP1pTkv6wpgJSg3UXcQ,/wiki/Jakob_Krank
i-7SPzgxv8ewS5Hc1tGVg42M,/wiki/Ferdinand_Lemstr%C3%B6m
i-GGBAD7iX8fRMidLfwkuf4H,/wiki/Karl_Edvard_Lindeqvist
i-wPTdRzX77zcPiX3pjEpko,/wiki/Theodor_Lindroth
i-M3vdGvw9iDEMvMQ8z7ckwG,/wiki/Peter_Malm
i-LPSNw3P3JYfMofPLqXC3FU,/wiki/Anders_Johan_Molander
i-6j68VR9CvfoQrbnp2hkgQP,/wiki/Jakob_M%C3%B6ls%C3%A4
i-DnEdGep1q7buLQVxHwoV7o,/wiki/Henrik_Parviainen
i-LxagQossAJBCsTviBZ67Ld,/wiki/Carl_W._Savander
i-AbBzS623kguAxboqvMi468,/wiki/Carl_Wilhelm_Ignatius_Sundman
i-NbSptXiZKGLtChSMzVsm4n,/wiki/Fredrik_Sneckenstr%C3%B6m
i-EDqv7TisA5PjGhg4drrxvt,/wiki/Gabriel_Tengstr%C3%B6m
i-CAhqDoBcsxJ76kroHgGKnE,/wiki/Anton_Johan_Therm%C3%A9n
i-3AAUZNqftJnZPhMYWGsWAy,/wiki/Stefan_Tr%C3%A4skelin
i-3azMqGSRVZPNhg24uDkjHa,/wiki/Otto_Samuel_Wendelin
i-Sgc98ZDEzcXD8Ee87B26PF,/wiki/Samuel_Johan_Vesander
i-2PT41UyWuKo4xm1qXeaPnb,/wiki/Carl_Gustaf_Wolff
i-QE8zNVMp9Xs7sAfD5qKxFo,/wiki/Carl_Adolf_%C3%96hrnberg
i-LaaLKatPvVQRvR2ozPzenC,/wiki/Robert_Isidor_%C3%96rn
i-Pfw4BTaDP6k2iypU8dU681,/wiki/Adolf_Aminoff_(1806%E2%80%931884)
i-GZgKPbnkv98wL3MUuWBgcT,/wiki/Fredrik_Aminoff
i-VzdTpoMPYaepy5MGETH3Sz,/wiki/Germund_Gustaf_Aminoff
i-WgDPTcF2uez6JDVfYnxVob,/wiki/Edvard_Reinhold_von_Ammondt
i-GAtn7bERdoirMx4xRthNqz,/wiki/August_Magnus_Gustaf_Armfelt
i-um2SN8BNPktTMYG2CHe7B,/wiki/Carl_Magnus_Mauritz_Armfelt
i-7gtxYc7PAsEZ3WK26gsMQF,/wiki/Gustaf_Vilhelm_Arthur_Armfelt
i-M1GkpKKam2WhRvDxjE48Yx,/wiki/Adolf_Edvard_Arppe
i-XTNab9aPye5VciPF4orRsR,/wiki/August_Bergenstr%C3%A5hle
i-WzGDNnRe7z1ZDfiCvTwhVz,/wiki/Lars_Magnus_Bj%C3%B6rkenheim
i-QrXbUARX3WXzHQ9txYadDP,/wiki/Robert_Bj%C3%B6rkenheim
i-6cguaohonQAAXcVFakM5g1,/wiki/Johan_Alfred_af_Bj%C3%B6rksten
i-Px3G8v88wqcrbZDDAeY4bn,/wiki/Berndt_Gustaf_Emil_Bl%C3%A5field
i-5eHaLb2EGdmTb7vsazDFDy,/wiki/Adolf_Vilhelm_Boije_af_Genn%C3%A4s
i-ChuomtmkLkdJ7EejCZL8M7,/wiki/Hans_Gustaf_Boije
i-GL42zd2qVjzLjjZ4FhqajZ,/wiki/Johan_Gabriel_von_Bonsdorff
i-VbQi5D8Ho9a1gwVtHWXrrt,/wiki/Johan_August_von_Born
i-SHv8JmjxjKq8nKf5WMXEG1,/wiki/Karl_Fredrik_von_Born
i-YTYRaFHeP9T1FCPA23wN1v,/wiki/Evert_Vilhelm_Bruncrona
i-JvRBRuFE93TPrS9iwgT6va,/wiki/Theodor_Bruun
i-8HZR2NvisVWTPQB7xrK1DU,/wiki/Edvard_Jonas_Wilhelm_af_Brun%C3%A9r
i-5Jviq3qghZ9LsVGzeKvrnJ,/wiki/Karl_Johan_Carpelan
i-4aGZ3L3M9xF4shrVymXs23,/wiki/Johan_Axel_Cedercreutz
i-7V9fMve5YNDUZciwzHQxXy,/wiki/Frans_Richard_de_la_Chapelle
i-8Aw9hmkGUr4yviJqVZp1KP,/wiki/Karl_Viktor_de_la_Chapelle
i-EUNd7pvigVDq2k1buBvxf9,/wiki/Carl_Magnus_Creutz
i-NJNYuA3TCLDAUVNjE5j2MC,/wiki/Axel_Fredrik_Adolf_von_Christierson
i-3D2uY3oEe1uqnw7DGCGVHP,/wiki/Carl_Olof_Cronstedt_(nuorempi)
i-HtHJenXjZuoKxjoyEuKrvm,/wiki/Gabriel_Anton_Cronstedt
i-PNuNCbEDkNbdhUFXgRbJsz,/wiki/Alexander_von_Daehn
i-GzpPNMDrZaojKzMHrH7hRL,/wiki/Carl_Albert_Edelfelt
i-59t1pDS3froDd22WYonNXi,/wiki/Frans_Ivar_Edelheim
i-75wZSbCtyaBEnWFzkpyG6b,/wiki/Karl_Johan_Edelsk%C3%B6ld
i-ModpSX4t69XxAKF7ekgvVg,/wiki/Adolf_Reinhold_Viktor_Ehrnrooth
i-GoQD4F6MiFcS9Vsdx3gqMW,/wiki/Carl_Albert_Ehrnrooth
i-SbX61wokaS67ghtHrcjkgQ,/wiki/Gustaf_Robert_Ehrnrooth
i-Hsg38DD9aZavnt2BE6R92w,/wiki/Alexander_Felix_Carl_Ekestubbe
i-5eNgUi2sAeHaoks6DnibL3,/wiki/Johan_August_von_Essen
i-U1QRavA17bQzD48LdLt1tY,/wiki/Arvid_Adolf_Ethol%C3%A9n
i-Tnx7FYE9hZfG2QfvLnTU8p,/wiki/Constantin_von_Fieandt
i-2GsZ4BooHWCQvrdPTMX1GL,/wiki/Karl_Viktor_Hjalmar_af_Forselles
i-GWGMuHZpB7JtXsedCoRVmg,/wiki/Pehr_Emil_af_Forselles
i-EhL4uM3sUHy8VUCoYi78as,/wiki/Fredrik_Wilhelm_Fraser
i-RZhydE7SX8RvSkiFoBh92E,"/wiki/Harald_Victor_Wilhelm_Furuhjelm"" class=""mw-redirect"
i-ZnoS9yNyJZCCCXuCn8DK7,/wiki/Otto_Vilhelm_Furuhjelm
i-JzQyA5cExy8sPWRDBUypL9,/wiki/Otto_Robert_Claes_Gustaf_von_Gertten
i-BkfYGrQhuNkoLkYwAJNYb4,/wiki/Otto_Fabian_Nimrod_Granfelt
i-Wo1jXQwtCLaoqebdZA4xi6,/wiki/Achates_Ferdinand_Gripenberg
i-7xojrwYzrjfB1sGMS95KXK,/wiki/Carl_August_Edvard_Gripenberg
i-VSjkKAAk1uTMFyXiJQ65Ef,/wiki/Johan_Fredrik_Sebastian_Gripenberg
i-WXevWjzNj6QC87KLVY3her,/wiki/Johan_Ulrik_Sebastian_Gripenberg
i-PakNJPLNiG83PD1Hqsszw6,/wiki/Adolf_Grotenfelt
i-V83jHaR3m6wSP1r1K3RJJ5,/wiki/Nils_Karl_Elias_Grotenfelt
i-H9suhRqqUHcPS6rkKze2ao,/wiki/Alfons_Jer%C3%B4me_von_Haartman
i-3AtCF9sv6EHtjCstTrjHpC,/wiki/Victor_von_Haartman
i-J1rpecNsAtKm6tYwewGWk,/wiki/Eduard_Hisinger
i-5F8eYxpSorqm3726pUDx7r,/wiki/Fredrik_Wilhelm_Hisinger
i-RqnKaG4Hk193aoEnE7oY7w,/wiki/Robert_Emil_Hisinger
i-HHaCYxvtqi5749rN5jgDix,/wiki/Gustaf_Alfred_af_H%C3%A4llstr%C3%B6m
i-XJR7uevATUzzKS5t9xJQnw,/wiki/Teodor_Carl_Josef_H%C3%A4stesko_af_M%C3%A5lag%C3%A5rd
i-Xe1yf2mfG5iEJKnJNPsqPs,/wiki/Bernhard_Indrenius
i-Eh11pSQN15vwedriURK4FD,/wiki/Blechard_Gustaf_J%C3%A4gerhorn
i-3yL9ZeppZFT8EE4mKY6xtA,/wiki/Carl_Johan_J%C3%A4gerhorn
i-DLrya1y4fvPTxo19ycSwui,/wiki/Gustaf_Magnus_Leonard_J%C3%A4gerski%C3%B6ld
i-FAdnQV2mavJ2UwNm5JjbBX,/wiki/Krister_Ludvig_Reinhold_J%C3%A4gerski%C3%B6ld
i-FRTXNM8bWSfv4EVgWqYu9h,/wiki/August_Fredrik_J%C3%A4rnefelt
i-DFYQrVEmnc2KccuuDpq1ib,/wiki/Artur_Emil_Vilhelm_Klinckowstr%C3%B6m
i-AufWqe4gwH5wra4K3X99qW,/wiki/Fredrik_Jonas_Klingstedt
i-X2qn6TAe9gTfibhdeaJgEc,/wiki/Eugen_von_Knorring
i-EBLg4rQKzZ3b6Eg9w5vKHX,/wiki/Johan_Emil_von_Konow
i-2TXUUfxhbM1mKyn8oqUGzY,/wiki/Oskar_Reinhold_Vilhelm_von_Konow
i-62zYc11vmzdw6bHmhWj6xv,/wiki/Adolf_Fredrik_Josef_von_Kothen
i-NkQqrLFDbfL6PHpgSiTkBZ,/wiki/Mauritz_Ferdinand_von_Kothen
i-SofurPRw3EL6yyFJXakZd3,/wiki/Axel_Henning_Krabbe
i-K86LqYNUZQWYEpnoZYStrW,"/wiki/Carl_Gustaf_Mortimer_von_Kraemer"" class=""mw-redirect"
i-3HAnjNFH5KjSBTNKDd3TXb,/wiki/Johan_August_Ferdinand_Kuhlefelt
i-RbShaK3GemTXX3EKJNmQqN,"/wiki/Robert_Olof_Lagerborg"" class=""mw-redirect"
i-TTJ6BfyGcHTAc3wu7ASwci,/wiki/Ernst_Linder_(poliitikko)
i-RBMv4NKJqVbMmhQsYSdbLb,/wiki/Constantin_Linder
i-WF8BWGJBsroMfDPtmAkEZt,/wiki/Fridolf_Linder
i-Gu51hjRVWb7M565rBVU8jz,/wiki/Georg_Henrik_Lybecker
i-G4Mx6CSAhZT1Ty3hcwy1We,/wiki/August_Mannerheim
i-9fpoHmFM6CjhEHuaVzbMqT,/wiki/Carl_Robert_Mannerheim
i-9MPizvkX1LoAoUhNc7DgND,/wiki/Berndt_Gustaf_Mellin
i-HrQR6nbHQayyFAXaYKpTtt,/wiki/Karl_Gustaf_Johan_Mellin
i-39HLCE9yBTZGgTmRXc8MV4,/wiki/Clas_Herman_Molander
i-4yJxJNJJ1BwQYoDiqLucKJ,/wiki/Robert_Montgomery
i-GeYLFa2rDbdF171XpfngZK,/wiki/Johan_Reinhold_Munck
i-SU2n35iQoWZU6ahNBi2tN9,/wiki/Karl_Fredrik_Munck
i-WGFFutszVVq2r6eHmqYcyB,/wiki/Knut_Munck
i-GB2XZda45FyKVanRwMkJ38,/wiki/Anders_Lorenz_Munsterhjelm
i-ADfVS7eRk52CEC91t8k4DD,/wiki/August_von_Nandelstadh
i-XqM7pnUo7aV7Yxy3ZM6vyP,/wiki/Reinhold_Peter_Nasacken
i-HF5phfP7sjX4wA6bTBzzPq,"/wiki/Clas_Gabriel_Nordenheim"" class=""mw-redirect"
i-8gBsTMzJRwtbuFPKfppaoz,/wiki/Karl_Adolf_Nordenski%C3%B6ld
i-MEgwJwDM4mwi6wmXsCMYJx,/wiki/Nils_Otto_Nordenski%C3%B6ld_(valtiop%C3%A4iv%C3%A4mies)
i-VDpx7vFjSL3NsTqo3roC5x,/wiki/Johan_Mauritz_Nordenstam
i-YYiFaxFNLAJM5W3icpS97q,/wiki/Georg_Nordenswan
i-9WxSZn2XaTPYpzCwu6SqF4,/wiki/Hugo_Kasimir_Nordenswan
i-DxNP7TqQrEfxpsG7AMg3V2,/wiki/Boris_Nordmann
i-FfS48taDhdyhLbaL7izam6,/wiki/Wilhelm_von_Nottbeck
i-BtSnmoZRRAQCGZifMmfTuu,/wiki/Axel_Gustaf_August_Palmfelt
i-R3sJekkutyVdAe6K3GTP3c,"/wiki/Nils_Henrik_Pinello"" class=""mw-redirect"
i-XXg2bmhEiXiYrETYEK6PnU,/wiki/Fredrik_Josef_Pipping
i-5X1QYE5wSq1vbEbT9M6276,/wiki/Johan_Fridolf_Pipping
i-T6mMFVzHVrVXYdjMx43gXd,/wiki/Josef_Adam_Joakim_Pippingsk%C3%B6ld
i-GVT7x8Nt5F7JZsu1Dte2fk,/wiki/Georg_Fredrik_Pistolekors
i-3LrbQCv9wyK5t5xguHtg9N,/wiki/Lars_Olof_Prytz
i-DowNYFPp5EFuyJj5pim8KZ,/wiki/Fredrik_Wilhelm_Hugo_von_Qvanten
i-FjKyUtcoFwK8FSRaLwa4qr,/wiki/Alexander_Wolter_Ramsay
i-EyCwcgnc6m1fa5U2bKaFXx,/wiki/Georg_Edvard_Ramsay
i-7C59zrm2TZmNPtyGrwq2NH,/wiki/Kristian_Adolf_Verner_von_Rehausen
i-Ua1DB2ZaQu82Pj2Kg6ibbJ,/wiki/Bernt_Reinhold_Alfred_Rehbinder
i-RBWCuLg8kwt5DsDhYULC5s,/wiki/Gabriel_Rein
i-DXP9WxpJAbmvBWP4QoWY25,/wiki/Maximilian_von_Rosenkampff
i-N2fRatMiRmLEhFJUaMqMBg,/wiki/Gustaf_Fredrik_Rotkirch
i-EucvstvmVvA33AJNrw2FH5,/wiki/Lars_August_Sackleen
i-At8UeWaVLSrVHh5pXGXtHY,/wiki/Johan_Eberhard_von_Schantz
i-WxkgwPxqMpjFtfmAZTrx6L,/wiki/Johan_Gustaf_Schatelowitz
i-TpRRxpwrPivaPab2rTZrGQ,/wiki/Berndt_Otto_Schauman
i-GsTBuxn4gzdp2YPxq2CF9t,/wiki/August_Schauman
i-XCD42yBHNtQaD6vrHPaNvi,/wiki/Wolmar_Schildt
i-TCQs5DXsZFoCfJSdbFZHQZ,/wiki/Constantin_Nils_Lorenz_von_Schoultz
i-8MwNLaJBXu8nAdT6Gqr8nk,/wiki/Johan_Henrik_von_Schrowe
i-WGy8Gw4oVSFx1b6GQHaCUq,/wiki/Karl_Leonard_Schulman
i-8mJQ5wHCNAfbcEDejmorgK,/wiki/Otto_Reinhold_af_Schult%C3%A9n
i-GVmiogSqRJqrVWCPcrDgDe,/wiki/Johan_Gustaf_Emil_Segercrantz
i-BAsdkUAfynNL2Jzg6L3dJP,/wiki/G%C3%B6ran_Erik_Axel_Silfverhjelm
i-2XhKnDrvwR1osJ5ryzubot,/wiki/Gustaf_Johan_Silfversvan
i-9ny5NiSBTsXytTLwVXN882,/wiki/Karl_Vilhelm_Sp%C3%A5re
i-H2an9aPsfB63H9UWpycjdo,/wiki/Gustaf_Adolf_Sp%C3%A5re
i-juGUGYJwp7mX3MQnhUEoq,/wiki/Knut_Robert_Karl_Walfrid_Sp%C3%A5re
i-8c2MfRHZBR9TdrUpFoRdqL,/wiki/Johan_Fredrik_Vilhelm_Standertskj%C3%B6ld
i-Kus6bVi2TaGnJ2PW3eiN7H,/wiki/Johan_Wilhelm_Stjernschantz
i-VktczYTWMxgfGa6SKm38YK,/wiki/Curt_Gustaf_Stjernvall
i-S4GmUj8rHy9f5UtwUyzeuT,/wiki/Fridolin_Stjernvall
i-UCUeNRpau2VHAPSPtoTzs4,/wiki/Otto_Robert_Vilhelm_Tandefelt
i-QcsjR5Y3EcAYrfuf6exqd2,/wiki/Johan_Reinhold_Taube
i-YNSR4DwCvFByG8KLNWZfMu,/wiki/Carl_Johan_Tawaststjerna
i-UExNr1vRKnTpzE5pqzv3ir,/wiki/Karl_Gustaf_Teetgren
i-PHhNjXUhesTG1v74LgJRHM,/wiki/Alexander_August_Thesleff
i-DDgKtyukp5C3sUFLMZ19u8,/wiki/Nikolai_Alexander_Thesleff
i-WDzfUFdb8g6zrgyW2rE1KR,/wiki/Gustaf_Tigerstedt
i-MQzMznpRQBMmbXktLvAN9k,/wiki/Samuel_Werner_von_Troil_(vanhempi)
i-LzdgEat3rhCADgx5cR1LSS,/wiki/Johan_Ulrik_von_T%C3%B6rne
i-AcadzVECTWqSPpXBg9Ceq7,/wiki/Adolf_T%C3%B6rngren_(vanhempi)
i-DuP59aJVbyCScuE2XG7BeY,/wiki/Pehr_Jonas_T%C3%B6rnqvist
i-HFSaJChwMy6H3kcVHoj1mX,/wiki/Johan_Knut_Valdemar_Uggla
i-W9tJUpUq8nWxoZLkPDM5da,/wiki/Nils_af_Ursin_(1819%E2%80%931867)
i-BrZ1PXPwfSSdCK1yGsSzYn,/wiki/Vladimir_Alfons_Walleen
i-NwG25Q1tZQAtUqrP7VkCNr,/wiki/Adolf_Waldemar_Wallensk%C3%B6ld
i-XdrX5sz6KhUNL37CYm7mKb,/wiki/Edvin_Gideon_Wasastjerna
i-BCmnuEz5aJnzUHzf4jVQdx,/wiki/Gustaf_August_Wasastjerna
i-8n3nuTnzCqgxrCTWwYq1yu,/wiki/Jakob_Viktor_Wasastjerna
i-ABDvGmsKHsoRMRCJLhfgDu,/wiki/Selim_Osvald_Wasastjerna
i-7QMm6kT5xukuSszLwj596w,"/wiki/Oskar_Wasastjerna"" class=""mw-redirect"
i-8tpmjoLjCwAvg1Z16Ymcr,/wiki/Alexander_von_Weissenberg
i-MzVQxM4xkNeBUq7eq6vH9k,/wiki/Alexander_Jakob_von_Wendt
i-JYV4L97nkaAD1tqh4XNee,/wiki/August_Reinhold_von_Willebrand
i-MMyFhhMEvCjmcwSBsfMJk1,/wiki/Ernst_Carl_Adolf_von_Willebrand
i-3JveTGquCFAK9y99eTAdvd,/wiki/Ernst_Johan_von_Willebrand
i-TYyoxCt17RVmpDAFKWJW3u,/wiki/Felix_von_Willebrand
i-N7AHCqt7u3nWVNMBEE8SaY,/wiki/Alexander_August_Peter_Wrede_af_Elim%C3%A4
i-P68mLaom1qo4nAwfyux1WP,/wiki/Rabbe_Zakarias_Wrede
i-Fiig8BDMNpZQK8Za9ST51D,/wiki/Vilhelm_Otto_Casper_David_Wrede
i-Gszfg34rDxE1wvwMWnuEcr,/wiki/Magnus_von_Wright
i-Tzqw5o3k7StUR6PUjM45kG,/wiki/Herman_Georg_Maria_W%C3%A4rnhjelm
i-48AqtYkQm7rn9USzASaSM8,/wiki/Ernst_Emil_Vilhelm_W%C3%A4rnhjelm
i-AoDGaMXUxZPU84yZTfL3Xc,/wiki/Fredrik_Ernst_Gottlieb_von_Zansen
i-TDorJwip9wZw86wKUvrc6g,/wiki/Petter_Akola
i-Fbfm1HbZePHYVTAZTJf59L,/wiki/Aleksanteri_Arvelin
i-4LUY2WFbrHNXdXqurbMDvB,/wiki/Anders_Blomqvist
i-182iQaw41tqTySDbhb38Sp,/wiki/Juho_Brusila
i-C5N8HQPmJLpinDQjyVTdbJ,/wiki/Salomon_Ek
i-DojZ8qEG6LjbJsjZJ6xe4k,/wiki/Jarl_August_Hagelstam
i-QQY41pDJEC5sc6i2RxR4Hf,/wiki/Karl_Henrik_Hagman
i-QGPtDAH1rAzUX1zyuF6Zjh,/wiki/Antti_Haikonen_(valtiopäivämies)
i-4vvviq517v7pCxu8qKbktJ,/wiki/Mikko_Heikura
i-QXBKraZHyPiE9z35xJ7hrQ,/wiki/Matti_Holma
i-UMDgoutWEYApG28pbuoncb,/wiki/Juhana_Katina
i-Kcb1kFVpQpDq61XMj9K7iG,/wiki/Heikki_Kauranen
i-2TJ9oUcw4dzh1P1QpjGfP7,/wiki/Johan_Erik_Keto
i-6TCZkDoXEcR3Vy4Jn85179,/wiki/Martti_Kiuru
i-PNHAmRdMEAf83M9VATEtRt,/wiki/Erkki_Klami
i-6Jfe7SU8pTvVo7bFTk3ybs,/wiki/Heikki_Konttinen_(valtiopäivämies)
i-Pn84JtGdutpdSwxbgQUoER,/wiki/Juho_Kotilainen
i-17rHdCAokyZJRHvnBtWfiy,/wiki/Matti_Kulkas
i-Wm7PMNz5UBwoc7LvenHUrr,/wiki/Petter_Kumpulainen
i-QEY8yLYiTTD8YcFBZFzwF5,/wiki/Matti_Leino_(valtiopäivämies)
i-BtKC4BiMQJZbVVYnLQwpf7,/wiki/Iisakki_Liimatainen
i-3yRuVkrxYuHdk4Pt3aDdNL,/wiki/Johan_Mannstén
i-BjxmQY1CzA2Wn37fiD1ULi,/wiki/Johan_Mynttinen
i-CUNt4MfeMgrPQH48kPoQbT,/wiki/Aukusti_Mäkipeska
i-Lk3BJdRWnrZD4VkCKeqBtp,/wiki/Paavo_Nyrönen
i-8F6yZ5fv4PsFNEJFKjgVJt,/wiki/Matti_Paajanen
i-4tBRiwxoFnwzLd3TCQ26cB,/wiki/Lauri_Pelkonen_(valtiopäivämies)
i-3bvDg4jwac8mVz3EUo9zy2,/wiki/Juhana_Pohjalainen
i-254g857EoqyeksFi9ULpYn,/wiki/Tuomas_Poikela
i-KJqM4wnygHX4r49KxPJzSp,/wiki/Carl_Fredrik_Pousar
i-S2JvqMtVriHzJCtaWZ97W7,/wiki/Antti_Puhakka
i-L2BLKXDd3w8s4qqNPwAExg,/wiki/Heikki_Punttala
i-MNyNttGEs2xVMSxNfSviJD,/wiki/Matti_Retula
i-Fhpw6o7Qy1YaRxYQmNUM8W,/wiki/Johan_Simula
i-2watXZpWpYKRSDFLMhu5JW,/wiki/Adolf_Fredrik_Simolin
i-EEDumsMkgt1qv2LRDpuUid,/wiki/Antti_Sinkko
i-Ev9rwChsySU6VMfbevkpjp,/wiki/Carl_Johan_Slotte
i-NsHXM2LemEn2bjvkhHbwra,/wiki/Claes_Robert_Stenroth
i-BGAeCdEhEejx8yNT2yysq,/wiki/Matti_Teräs-Rautila
i-XhpQXjgjbWqp6yVdMAGi9S,/wiki/Lauri_Tiainen_(valtiopäivämies)
i-QsddKiAiTQrxhHXVtrHq6U,/wiki/Aleksanteri_Tuloisela
i-2Y28YhcXXa6iFvLQQcnSZa,/wiki/Esaias_Tykki
i-STAnaSXq3Wzd8jSfHgfAs6,/wiki/Antti_Uotila
i-RUbcSSRCcGyP1SMHNcHDBY,/wiki/Gustav_Vanha-Seppälä
i-Ni6TkJz5gHK9gkCs1fQnPw,/wiki/Erkki_Juho_Warpenius
i-EZKSYqQGo6bru2L8grnLU5,/wiki/Pehr_Östring
i-9LLh6mGQVjVanYHbQEP6bz,/wiki/Edvard_Bergenheim
i-3FVZgVd1FfWRDxHRadp7JQ,/wiki/Carl_Gustaf_Ottelin
i-LworoXnhdkkqSH2e65xuXx,/wiki/Robert_Frosterus
i-2X7N1Zp3Fhx6CZv8Ja21nK,/wiki//wiki/Torsten_Thure_Renvall
i-PQjdcYv8HUE6sNCSihTk2j,/wiki//wiki/Elias_Malakias_Rosengren
i-TenXkjdHcqi3QqXg8Aj7co,/wiki//wiki/Karl_Jakob_Helander
i-Q76pbjMuE4qKSn7QggecGP,/wiki//wiki/Herman_Hell%C3%A9n
i-3ruKQDiwNgNwV4WyQ1b7yv,/wiki//wiki/Fredrik_Hertzberg
i-5HQc6CAQGNSATTKMNeimw8,/wiki//wiki/Karl_Efraim_Lilius
i-AMbv6XaREqcEhBMpVdPC16,/wiki//wiki/Josef_Gr%C3%B6nberg
i-RTvTgtKDAuhsqLL4VrqGxQ,/wiki//wiki/August_Edvard_Granfelt
i-G1koBoY9BodkJrpULKg4MG,/wiki//wiki/Gabriel_Geitlin
i-N3KeHTJ7pgpFitvvhKrhUK,/wiki//wiki/Frans_Ludvig_Schauman
i-LccoceJBCqoQP5iE7k45vu,/wiki//wiki/Benjamin_Sulin
i-VGFz9DroijEWpEY772XNUv,/wiki//wiki/Otto_Vilhelm_Ehrstr%C3%B6m
i-4ewLb4CJJQuJNK5m3jCQ5a,/wiki//wiki/Henrik_Heikel
i-QHeFmPFqTzUKYegijGeky4,/wiki//wiki/Karl_Fredrik_Stenb%C3%A4ck
i-jgr1jkvdMBMBw64HgftTg,/wiki//wiki/Carl_Gustaf_von_Essen
i-5T6AsSRhL77pTpiwR9N9i7,/wiki//wiki/Alexander_Ferdinand_Borenius
i-J2bYY8oWuqJZiyuxqjuQzQ,/wiki//wiki/Johan_Matias_Hackzell
i-6uejJqDBJbUVFdJWmQS9Sw,/wiki//wiki/Frans_Arvid_Snellman
i-TmxEAscjG4hPj3fvW7XYWt,/wiki//wiki/Axel_Fredrik_Granfelt
i-R9jTBuaffAFW9tqnohzFxo,/wiki//wiki/Samuel_Henrik_Nordstr%C3%B6m
i-2HrSoCSC4HZ2SVh4Nh66Kx,/wiki//wiki/Adolf_Fredrik_Sir%C3%A9n
i-E6yXJrnTXL624QDwbQ21Pk,/wiki//wiki/Magnus_Erik_Alopaeus
i-BZ8i7NmzmpP3su9DMKv4YP,/wiki//wiki/Johan_Fredrik_Bergh
i-WXLLFK1W2bbmPmonvvGKY8,/wiki//wiki/Aaron_Gustaf_Borg
i-BtkiybKfkP1KVCMNqew6TJ,/wiki//wiki/Anders_Josef_Europaeus
i-BRoiG3xAGsA1EaT65kUat9,/wiki//wiki/Zachris_Castr%C3%A9n_(1817%E2%80%931868)
i-NG9kNwuhydnAfCZMfVWjFj,/wiki//wiki/Julius_Immanuel_Bergh
i-GwgXfMJUCLmbCeE55ztiRb,/wiki//wiki/Kustaa_Adolf_Saxb%C3%A4ck
i-V24KRbvVLtC2BtTHC8wN7v,/wiki//wiki/Albert_Heikel
i-Wc94mfKvFCXNZujj6r2PaP,/wiki/Johan_Fredrik_Ahlberg
i-N2PwTvXjXUdT9dRHeMawYq,/wiki/Edvard_Bergh
i-XiVVgVb5iaBAvUJZsKjy2J,/wiki/Olof_Blom
i-7vAC7C5Kk5aWg5YhiSZpDB,/wiki/Fredrik_Edgar_Leonard_Bronikowsky
i-UeTxv9rgAELGir3fWfG4jh,/wiki/Frans_Julius_Cederman
i-8xyPjYBT2s12KBdJzhtwhs,/wiki/Fredrik_Reinhold_Ehnberg
i-RLK2wujPko39urNNKUwfR1,/wiki/Adolf_Wilhelm_Granstr%C3%B6m
i-PfNDvdPUw3V2yuQ3zFXWwn,/wiki/Otto_Reinhold_Gr%C3%B6nholm
i-KDkAw6MJH2W79wd7auFFmc,/wiki/Woldemar_Hackman
i-UGnMF187bsPNnrbM6fZK27,/wiki/Anders_Gustaf_Hamberg
i-49NneHoz93DCgq2dzhP6Gn,/wiki/Gustaf_Mauritz_Helsingius
i-XW5vSkDhiDBuTQzpqfPxmM,/wiki/Gustaf_Adolf_Lindblom
i-QmDvF6akeQRHNrBxFgwyU3,/wiki/Antti_Juhana_Mustonen
i-R6esB2VMiCeF9f4oaXQg24,/wiki/Simon_Wilhelm_Nylander
i-JFCH6e9PsE1w8HHWkxDkhR,/wiki/Albert_Ferdinand_Ottelin
i-JkSp1eWyNE5yJ7KqvQ1bNE,/wiki/Abraham_Petrelius
i-MMYT7XLX6YPQ7PudpmVcPj,/wiki/Carl_Rosenius
i-Hc9XMkGEjEESuFdWzXy4JT,/wiki/J._W._Snellman_G:son
i-2dGWMbZNs6GoVNG5okZE2D,/wiki/Gustaf_Fritiof_Utter
i-7uMXAQGFUobfV6rguMPypw,/wiki/Herman_Wahrman
i-5r31KKuptPPS63eWzMAseL,/wiki/Pehr_%C3%96string
i-HaR8EnfKL5psLJsjZDeZ8o,/wiki/Johan_Georg_Agricola
i-7Fgy1eMvbaMXrGoDJTECv5,/wiki/Georg_von_Alfthan
i-6CvfviQxrE8gzQpx2tTXw9,/wiki/Berndt_Adolf_Carl_Gregori_Aminoff
i-6cWDpivCCHx8nsC26q3ZfQ,/wiki/Frans_Josef_von_Becker
i-RcSCmpxriPBQokni59zaX1,/wiki/Axel_Gabriel_af_Bj%C3%B6rksten
i-EubGaC45XvL4c18F6U6mCD,/wiki/Frans_Henrik_af_Bj%C3%B6rksten
i-5MPjVAbwqdX7wpyfj7xs8w,/wiki/Georg_Mauritz_von_Christierson
i-Ai2Vxnnt6x7heSv8ZxsABW,/wiki/Fredrik_af_Forselles
i-MFBL7XnrdB4HHfQL2ffF6i,/wiki/Oskar_Leonard_af_Forselles
i-w54hMDMQynKjwXWGH2CGz,/wiki/Theodor_Ulrik_af_Forselles
i-MTVnejidR78VGkqvg6x5Qp,/wiki/Viktor_Leonhard_af_Forselles
i-PwYmt66Muuq6LCAKqgJ6bg,/wiki/Johan_William_Forsman
i-JAJQRTmdwNUqKSNrqbGWKb,/wiki/Enok_Hjalmar_Furuhjelm
i-QkiuvQensCpwWyAWks6NUq,/wiki/Johan_Emil_Furuhjelm
i-6SJ36VSykGCui6DgBkXMAq,/wiki/Bernhard_Fredrik_Godenhjelm
i-KCWHHiMpyLd9LgBgzksu28,/wiki/August_Fredrik_Granfelt
i-CA11FK6DFAdcRD28ckK5f7,/wiki/Carl_Daniel_von_Haartman
i-HhpcZwrh13UfQgSjC4pfMf,/wiki/Fridolf_Rafael_von_Haartman
i-73dFa8UGNCPz6EYcxu2835,/wiki/Lars_Teodor_von_Hellens
i-GMRQkmLRCx39JoBJgBC7j4,/wiki/Lars_Oskar_Wilhelm_af_Heurlin
i-WMa3i1Fida5Xz9rbdPwSCY,/wiki/Mauritz_Fridolf_Hisinger
i-BEFpWcMG6eSPfMjZfo6dq4,/wiki/Conrad_Osvald_Hjerta
i-GvRx6Whoyo7iPDLJ6uwURb,/wiki/Fredrik_Idestam
i-4GaPQPN9o2DtPJqk8V2RRe,/wiki/Emil_Lindsay_von_Julin
i-977pYss6B2QXmArbdaAc9A,/wiki/Gustaf_Johan_J%C3%A4rnefelt
i-LsH6GcJdCwFLL56qN5DzDX,/wiki/Magnus_Arvid_Krabbe
i-FxBFM2uzof1KWHDpt4Uswx,/wiki/Carl_Gustav_Mortimer_von_Kraemer
i-DvsnxJr6R8m8r5wknzUSGc,/wiki/Wilhelm_Theodor_von_Kraemer
i-QFtRtd5gpiAbTC23qvFAwg,/wiki/Evold_Oskar_Alexander_Kuhlefelt
i-VFEu1HLKJix9SRhuJxAViZ,/wiki/Alexander_Wilhelm_Lagerborg
i-Am5M117G1VX7yJjQ9Nirc2,/wiki/Robert_Lagerborg
i-Uwd3FhczWxUpR2LEVAi2TD,/wiki/Cla%C3%ABs_Gabriel_Nordenheim
i-HNBK5iuuktDMrLNsc3ftSQ,/wiki/Nils_Karl_Nordenski%C3%B6ld
i-X34gja94d5HVzrAjCKC3Ve,/wiki/Karl_Johan_Oskar_von_Numers
i-54SfkVromhfR9VDTNCqXJe,/wiki/Christian_Theodor_Oker-Blom
i-Ru1jMpqP9G8A3wM3W5Ufdk,/wiki/N._H._Pinello
i-UQGJ6dJZneUpxkDhyzDuCy,/wiki/Adolf_Theodor_Rosenbr%C3%B6ijer
i-LEp8fNXd1AnZzt4ZAiZeos,/wiki/Knut_Emil_von_Schantz
i-Fd7mqD67aGjCuWx3jSHA1C,/wiki/Karl_Lorenz_Adalbert_von_Schoultz
i-4X7F9gkd9knr8n7ZKuTEt9,/wiki/J._V._Snellman
i-PGPnV8fzHG46P1xAtDeX6J,/wiki/Henrik_Johan_Standertskj%C3%B6ld
i-CmC4bc6fLeNXZGLuA7s28T,/wiki/Carl_Edvard_Stjernvall
i-CHi1dmNTtAJXTkRBi7jcFv,/wiki/Magnus_Fredrik_Tandefelt
i-VuLqeb3wtSmZj2UyzG5TGX,/wiki/Fredrik_Wilhelm_Thesleff
i-9NbuRgUjosumWbUFQEtRjx,/wiki/Samuel_Werner_von_Troil
i-5chqYNa8CF7yt72TUGFTui,/wiki/Knut_Uno_Axel_Samuel_von_Troil
i-Bc9VryKJgRdQ9o8WmNiP9u,/wiki/August_T%C3%B6rnqvist
i-b3i8w9R8L3RFku1ZCrxgn,/wiki/Alexander_Edvard_von_Wendt
i-6GNwMk6f9pw7tuuwdRfG1j,/wiki/Henrik_August_Wrede
i-XypnSwDxdz4tfuaeSVg3Yy,/wiki/Antti_Ahvenainen
i-VethMAkStv2TxN6zR2A8eZ,/wiki/Theodor_Aschan
i-DSe7Sukmush1y9amrLd4oZ,/wiki/Matti_Auvinen
i-BomaSmZdrkS9SfScDXqfPA,/wiki/Karl_Johan_Bonde
i-FNBvWxdPvjyrGH1Qc1aAer,/wiki/Adolf_Cav%C3%A9n
i-7JJadmn45jdfgAdP5VFGAs,/wiki/Juho_Foudila
i-7Wbnu64RFrVsQS3wmgmxW5,/wiki/Kustaa_Haali
i-DtHXRURSTfEvE52xc9jSoZ,/wiki/Heikki_Hakulinen
i-14fxkLqzdcadwNTzSJwBCv,/wiki/Pekka_Hakulinen
i-XWhq9o5CBki3q9KV9bMo8M,/wiki/Iisakki_Hannuksela
i-Xh6wcQRwoXZhyJtJuX4okd,/wiki/Jaakko_Hartonen
i-MZsPVQ9dMC8ZHTgrVyD83w,/wiki/Olli_Helander
i-PYWvB334yLWEhtwkxgXUPF,/wiki/Iisakki_Holmi
i-GsoLcP1UNjtUTBtjxzkkTU,/wiki/Kustaa_Huostila
i-U5VP3ZVVSyQZXzf9UspkVr,/wiki/Anders_H%C3%A4ggstr%C3%B6m
i-QaTCTm7zbJdPwtSKAQ6xKM,/wiki/Juho_Ikkala
i-8YeEziuDQVwm1GvFzc77Wq,/wiki/Simo_Joutsiniemi
i-R9GysjTqcGUJdiX7U42BXP,/wiki/Mikko_Karjalahti
i-4CppSWoBCwEztjhtLaZxaR,/wiki/David_Knuutinen
i-Wjj5ppkYCuFJumysgbMA3b,/wiki/Sakari_Koli
i-3nP1SqRS5aPNvyXZiEeovy,/wiki/Matti_Koponen_(valtiop%C3%A4iv%C3%A4mies)
i-DiMeNaDKYnSXKLwHBuNkPP,/wiki/Elias_Krook
i-Jkc5ktRXt2iR8dWw9vqMPx,/wiki/Juho_Kylm%C3%A4l%C3%A4
i-7rB9HBMPLd2PwDYtZ2ti9E,/wiki/Kaarle_Lang%C3%A9n-Laurila
i-26xiTcnRwiSfZaD1uCoG3H,/wiki/Martti_Levonen
i-DyCDPVnVqVgNVuzhR7c5yC,/wiki/Axel_Gabriel_Lindgren
i-NVyXtQG4ngA5GXmvPaY9YJ,/wiki/Olli_Mustonen_(valtiop%C3%A4iv%C3%A4mies)
i-rhHTJ52pXmZ9omCrcdBeB,/wiki/Kaarle_Muttilainen
i-KBCagWSiK98RhZVcSmviyM,/wiki/Aukusti_M%C3%A4kipeska
i-3wbkcRH6vFcWFCrAj2yuYD,/wiki/Lauri_M%C3%A4%C3%A4tt%C3%A4
i-NKaswFdK23mmSjbg8MMacH,/wiki/Juho_Nikkarla
i-KuQLHkqt3cejKTyvvNYzpK,/wiki/Anders_Nordling
i-SruNgxePrM2C8QjDrT3xNt,/wiki/Adolf_Nousiainen
i-FQGo7QA6JPdubg7BeeeYGF,/wiki/Erik_Nyg%C3%A5rd
i-XKTuoFdsf9eemAkMBbdAd2,/wiki/Paavo_Nyk%C3%A4nen
i-QvZND5bsUMbLd5okrAcPB4,/wiki/Vihtori_Penttil%C3%A4
i-LszmzSyrMUQRmpWjdTrzZk,/wiki/Juho_Poutiainen
i-Jpuf6uwWSfZ9YPNHDMSrMt,/wiki/Johan_Punderus
i-J8C9bmCMAhFzRdviTnCDsy,/wiki/Gustaf_Adolf_Qwarnstr%C3%B6m
i-JB2EsLBcC9n5Td2DE3r77T,/wiki/Matti_Reinikkala
i-6suuzHSQU6bgefM53wxoHs,/wiki/Juho_Riihim%C3%A4ki
i-EeTFbyDUFF9QtjjBFNtDQF,/wiki/Johan_Erik_Rosenberg
i-6hEw8csrknSfpmAmqBBvBK,/wiki/Petter_Sihvonen
i-ER5P4AeGQU1UhNg4KSuGfA,/wiki/Taavetti_Suo-Anttila
i-9TQo34sR4SsRuzb8rTTykD,/wiki/Yrj%C3%B6_Adolf_Taskinen
i-5Q2w5YAnQMjbk4mGw6uPBA,/wiki/Pekka_Tiainen_(valtiop%C3%A4iv%C3%A4mies)
i-n6a7VyEhiNLSYpPQaXePD,/wiki/Aatami_Tiilikainen
i-Hu2e8ZPjtEELuyw3zphhJJ,/wiki/Jonas_Vitikkala
i-4VKJZeErGTDM8EF8mkdp7N,/wiki/Kaarle_W%C3%A4rri
i-KS7S4UcDzhQZZapbE1UVxh,/wiki/Heikki_Ylinen
i-SYnSDfibYZd7vBXM2DWy6m,/wiki/Frans_Ludvig_Schauman
i-EfMifumtJPzU8j2xQd3Y47,/wiki/Johan_Kristian_Lamp%C3%A9n
i-FfVRGMNn5KRqwAWb2KstnH,/wiki/Frans_Wilhelm_Gustaf_Hjelt
i-UUFQ5w6CUWXPKeDW8gRVf7,/wiki/Elias_Malakias_Rosengren
i-59ANsridheA6559gfvqb6H,/wiki/Herman_Hell%C3%A9n
i-2aAsQDaQzvviNLiHAqhh6S,/wiki/Nils_Jakob_Juselius
i-MejDXzf7f7w3bWanLQKrgB,/wiki/Josef_Gr%C3%B6nberg
i-BGmnCwGAP9Zt7Yd8H5Wx92,/wiki/Gabriel_Geitlin
i-AeYQdyFLwTn8ciBYDRNroB,/wiki/Alfred_Brynolf_Roos
i-BnZAQWKX1K6S8Qb5ikFP38,/wiki/Otto_Vilhelm_Ehrstr%C3%B6m
i-GTNmQx5yoS1Ns36CUbTJS5,/wiki/Henrik_Heikel
i-GWf6xVqXjhgG51RMmFS2pe,/wiki/Olof_Henrik_Helander
i-KM5zW4VUqMnFTF1EiyLAR9,/wiki/Alexander_Ferdinand_Borenius
i-DWiyp39c5DMfpZq6cMdmVh,/wiki/Johan_Matias_Hackzell
i-1YXQKL3Er4LUeCEH813T9,/wiki/Frans_Arvid_Snellman
i-Lk8xzvhSG9RJUN6BeTB6mi,/wiki/Axel_Fredrik_Granfelt
i-CisiTZA8jBe6U9YcQPijf8,/wiki/Matias_Putkonen
i-EKkrnXvuHxMMnTwjDb4imw,/wiki/Adolf_Fredrik_Sir%C3%A9n
i-RLwFsttUZJapjD32D16Mxd,/wiki/Magnus_Erik_Alopaeus
i-Er4VowqzqJZ3N91FX97xSr,/wiki/Otto_Ferdinand_Hofdahl
i-4QdpXawiN5ExRxSEBRW6BN,/wiki/Aron_Gustaf_Borg
i-PYevqfZGZ2L2kAxK5yJAg8,/wiki/Johan_B%C3%A4ckwall
i-LYpQPnAEvBHwxddcikgnNW,/wiki/Erik_Johan_Andelin
i-EWF5w6W7mNczUrPXBtTG1i,/wiki/Zachris_Castr%C3%A9n_(1817%E2%80%931868)
i-Vta7BDiM8BB6Zkf1iBczRE,/wiki/Julius_Immanuel_Bergh
i-QVrcwFYjcxwn93KdWmPBk3,/wiki/Johan_Viktor_Johnsson
i-Lw36bGs76KQaSTfdhJeosz,/wiki/Antti_Ahlstr%C3%B6m
i-EkbZcKC1cxicmSNQdsofep,/wiki/August_Bade
i-Lch3o2YJ8cMMwJUB46sQcL,/wiki/Karl_Gustaf_Berg
i-X34Zne89V23zWXu6gQymw6,/wiki/Karl_Johan_Alfred_Bj%C3%B6rkst%C3%A9n
i-EdapCdTq9Y7JEMnMSf5nWS,/wiki/Sune_Birger_Johan_af_Bj%C3%B6rkesten
i-9sKLrfez1BQeoAsquLZ5Zh,/wiki/Johan_Leonard_Borgstr%C3%B6m
i-EqxJvEcFn3pmNPchjvzb9a,/wiki/Karl_Johan_Bostr%C3%B6m
i-AZxxB54asACcX6sEP5PAsm,/wiki/Ernst_Albert_Gustaf_Brander
i-mqFQ18ES1erLNMqHvDjc5,/wiki/Anders_Herman_Chydenius
i-yGjMXojJJYe9shNXsrD3N,/wiki/Robert_Ek
i-Hsgr383t4iizpwWFP77NxX,/wiki/Karl_Fabritius
i-BrKJnQtih3hhFEfYd26FMg,/wiki/Hugo_Ferdinand_Forss
i-5WuVXuwKbML14xudb51yD9,/wiki/Alexander_Reinhold_Frey
i-M8GjBiWjFex38AaKPzEaZj,/wiki/Julius_Fredrik_Gadd
i-MJwirdyVsfeQa46rvEQmu8,/wiki/Lars_Johan_Hammar%C3%A9n
i-J5WH196kdgSnwBG62938mv,/wiki/August_Vilhelm_Helsingius
i-EKgsdWUKkNjoMZSd54c91Q,/wiki/Herman_Peter_H%C3%B6ckert
i-98bUS6KbiDMJMtzt7fuK1Z,/wiki/K._E._F._Ignatius
i-VbijbarJj8Cbtn5pJgYV5x,/wiki/August_Fredrik_Jansson
i-66ymQwCreeuuTbu7QJYwGA,/wiki/Lars_Thiodolf_Krogius
i-TMtBCHpVArrzqFRZ7UamYA,/wiki/Joachim_Kurt%C3%A9n
i-Mz9aBz5SdW9X6Q9PVDD5SJ,/wiki/Adolf_Fredrik_Liljeros
i-DGGHbV8Jc5iYsn2a5HmaYT,/wiki/Abdon_Alfred_Fredrik_Lindberg
i-TeVreJTGDQcrpSivfqbBtE,/wiki/Lorenz_Lindel%C3%B6f
i-9TfojbbARyc5sts1fzmS22,/wiki/Gabriel_Johan_Masalin
i-QtRE4wiVPvYZD95obdru7G,/wiki/Frans_Edvard_Molander
i-G6WXvp4m8PJWEz8kHykewM,/wiki/Fredrik_Nybom
i-Jr2SFQgBkXgyjAF3xM224e,/wiki/Karl_Woldemar_Nyst%C3%A9n
i-QC5Cyy3W7sCFLULXRbi4Rm,/wiki/Johan_Alfred_Nyst%C3%A9n
i-HgEbezgGdxazEcJNm1Kus4,/wiki/Lars_Berndt_Olsoni
i-VBL3djAMpwMaHec7e4MQ7J,/wiki/Fredrik_Vilhelm_Procop%C3%A9
i-9vuvSe6iaLrwXwh2hAz1V6,/wiki/Robert_Rissanen
i-7jLpb1DTcomASwUADLnGHQ,/wiki/Carl_Gustaf_Sanmark
i-C7gacFwYKBuChyxT82r3YD,/wiki/Albert_Oskar_Snellman
i-RqAPAC7S2CX7e35kDsECyi,/wiki/Adolf_Albin_Sopanen
i-9o6BZDKt1PPEyqAU5GBdFF,/wiki/Frans_August_T%C3%B6rnroth
i-FdRKYW6mapQK8J9mxSmBVd,/wiki/Gustaf_T%C3%B6rnudd
i-QEfPLQGwwVw7e6SHKhBgS7,/wiki/Georg_Wallgren
i-MXYA6mu4YEKfDVYKu42SUN,/wiki/Carl_Eugen_%C3%85berg
i-n3GLRgqXQXNFmkzaGwSPW,/wiki/Viktor_Wilhelm_%C3%96hberg
i-6G56mBx8y9Bfr5Rh3Rq66j,/wiki/Johan_Fredrik_Aminoff_(1847%E2%80%931892)
i-TvLg6gRhrHwFWkKK9i4FYA,/wiki/Torsten_Johan_Aminoff
i-FdRfUaAkk5CYpd9Du8pbGa,/wiki/Kasten_Antell
i-ByV3q8UYJxZUcqKajsXRpC,/wiki/Mauritz_Wladimir_Armfelt
i-URXcmK1gDqhAUAqzy1YSPi,/wiki/Adolf_von_Becker
i-Uz9hQVsckk2g776TVJEiWa,/wiki/Edvard_Bergenheim_(insin%C3%B6%C3%B6ri)
i-REsb3HRKixELb2Qs7KmBoM,/wiki/Axel_Bj%C3%B6rkenheim
i-8nqjfZLHyegX2pFxRfwsvf,/wiki/Karl_Emil_Bl%C3%A5field
i-9FZDduUZPKfxMMbkLVwAqa,/wiki/Karl_Anders_Herman_Boije_af_Genn%C3%A4s
i-AYiV7HbSDVG5jNgjNsg7Z8,/wiki/Alfred_Oskar_von_Bonsdorff
i-GjXymzvmVbXvMvSnsXEVDh,/wiki/Hjalmar_Erik_Gabriel_von_Bonsdorff
i-L9kZxLhWCuQyLqDdMjfmwo,/wiki/Viktor_Magnus_von_Born
i-Co9zWb9dbmqdAqR9Ai1MMM,/wiki/Karl_Gustaf_Brakel
i-Xw1T5NcqeumcR7hAjDjZLF,/wiki/Reinhold_Brix_von_B%C3%B6ningh
i-NDu3XB3xk3uT4c2LFvLbZz,/wiki/Axel_Fredrik_Nikolaus_Cedercreutz
i-Hfckxq71YhMkaNT4Y6ZYF7,/wiki/Claes_Leonard_de_la_Chapelle
i-QYn16ak5qeRq4d9Vrw4qd4,/wiki/Gustaf_Robert_Alfred_Charpentier
i-MZjGSV6EaQrvUyQv5EbDi,/wiki/Alexander_Cronhjelm
i-C2YSDtx3p1JrB819QRiS7w,/wiki/Johan_Frans_Andreas_Galindo
i-L1KJ3WtZLgoZjfPp7unfjv,/wiki/Gustaf_Georg_Waldemar_von_Essen
i-EgiNvPcaifKheMGDbyyqWE,/wiki/Edvard_Gustaf_af_Forselles
i-QWtmceu5tuL6iNKSbdGPzi,/wiki/Carl_Fredrik_Forsman
i-DnR1jYzy4qjog5h4eX5Ap,/wiki/Frans_von_Frenckell
i-8JRHeBzG9FhLBAfHWFdMKQ,/wiki/Johan_Carl_Emil_af_Frosterus
i-CN9ba2YkypvRWcT57zJXWv,/wiki/Elis_Furuhjelm
i-JLhdLsZs2MNDSATAo2JvYL,/wiki/Knut_Furuhjelm
i-NY2vEoe4HTkpb5bQ9ByBgQ,/wiki/Johannes_Gripenberg
i-8WEAdEX6W6PSz4dVAB2q1x,/wiki/Nils_Grotenfelt_(maanviljelysneuvos)
i-CCNrmbC6eeG1mBia8WfLFy,/wiki/Karl_von_Guvenius
i-YEt1xaoG7yy8dMtmmaDBsM,/wiki/Berndt_Adolf_Gr%C3%B6nhagen
i-DDHcpPqCSSHpgWZ2afLyzG,/wiki/Alfred_Michael_von_Haartman
i-EQvj9fL5osnqMNoPpVA6wE,/wiki/Wilhelm_Hackman
i-V4C4SLqoHKpdVigS9jN6JV,/wiki/Robert_Reinhold_August_Hedenberg
i-JqpXh8xNJT9XiVtd4V9P5F,/wiki/Wolmar_af_Heurlin
i-T7obg2BNJjQHgCfqJQDHo3,/wiki/Gustaf_Richard_Idestam
i-RZrdQe9EF8epc2oUiYctkq,/wiki/Johan_Albert_Edvard_von_Julin
i-9Fj91ko5X9A2V9Yf4tWMNm,/wiki/Alexander_J%C3%A4rnefelt
i-474HvpA1ND4LbhnYkvxiwU,/wiki/Hjalmar_Lagerborg
i-TUXNt96MoMXQnU5GkAysCA,/wiki/Lars_Henrik_Gustaf_Langenskj%C3%B6ld
i-BM1QN3ZJ5FqkktH9JwVhGK,/wiki/Leo_Mechelin
i-8R39Rs6JwoiEqL1LjiujJ,/wiki/Axel_Gustaf_Mellin_(1843%E2%80%931884)
i-AqV62fLqiqwcHy4Bm1fTdb,/wiki/Julius_Adalbert_Joakim_von_Minkwitz
i-LZXLoYezcMtCGAhcNkmmmM,/wiki/Nikolai_Adolf_Reinhold_Munck
i-QSofAA7uWWcxZqxLFXBh9g,/wiki/Anders_Georg_Emil_Munsterhjelm
i-ynpFoT6aL9fCNEXJQNnuy,/wiki/E._G._Palm%C3%A9n
i-RmokoW7hqqBTHEKbGg3DNm,/wiki/Johan_Philip_Palm%C3%A9n
i-Sqa5GC1t2uBEPmCRzkYfks,/wiki/Julius_Dominicus_Pinello
i-6wx4tZs3L9ZDfftTDUg18n,/wiki/Lars_Knut_Prytz
i-Qwef1SgV2CKvjcNDkxWaLb,/wiki/Arthur_Rickhard_Ramsay
i-ME6jgSLdkwbzPDF9maty1N,/wiki/Karl_Gotthard_Werner_von_Rehausen
i-Atxa2Kx8Acoj72bWbshGTU,/wiki/Thiodolf_Rein
i-GeJxU77Pyh8PJuj4uFsHY6,/wiki/Gustaf_Fredrik_Rotkirch_(1848%E2%80%931918)
i-KJ7UGZkiLr2SVvK6VAmww7,/wiki/Fabian_Wilhelm_von_Schantz
i-F5fPeiDWjze3RMUqb48JRf,/wiki/Karl_Frans_Johan_Schauman
i-KMybxddpRTDXE79ZmgAnee,/wiki/Hjalmar_Schildt
i-F9jojaLUQpfPMBudiTYBw,/wiki/Karl_Fredrik_Sebastian_von_Schoultz
i-JYnNDW4szXXVGYP1Ve2Bqg,/wiki/Hugo_af_Schult%C3%A9n
i-CqTKzpVB1Ea1CPnfyEN8TZ,/wiki/Claes_Samuel_Segerstr%C3%A5le
i-4RJVSLcF3nMJU7eedc7PSH,/wiki/Carl_Silfverhjelm
i-95QdUoEJ7M1gg4Cy6d3QMx,/wiki/Johan_Ludvig_Snellman
i-FxU6UzwNGq6us5QcQFzcHh,/wiki/Karl_Gustaf_Sp%C3%A5re
i-2xD73P53y2xgGBX4mgMEoj,/wiki/Henrik_Carl_Gustaf_August_Standertskj%C3%B6ld
i-6fQyo3ybLpsQGfLE4vh9wB,/wiki/Alexis_Fredrik_Stewen-Steinheil
i-KuRhzNsx46gnkh5bRQzgZF,/wiki/Fredrik_Stjernvall_(senaattori)
i-L2dfSVdC9KhQSTQd28TwV2,/wiki/Axel_Gabriel_Wilhelm_Tawaststjerna
i-EkroDQ9EYje8n1rq9iKMkY,/wiki/G%C3%B6sta_von_Troil
i-8MTQrw9VruuDfFMpCcRgfk,/wiki/Johan_Olof_Reinhold_von_T%C3%B6rne
i-73c2jZTBUrw8zLaqiXUvcc,/wiki/Karl_Johan_Vilhelm_Wadenstjerna
i-5sfdpqYSfApKoQTFVJRDdT,/wiki/Alfred_Edgar_Wasastjerna
i-Pcaa9EgdyNW1ATcp1he7Tu,/wiki/Evert_Wasastjerna
i-VuFXik3an1WSAwvRAZq3C7,/wiki/Fredrik_Willehad_von_Wendt
i-P2TB7uqML45WSXmGGyBpbS,/wiki/Reinhold_Robert_von_Willebrand
i-2hD21qWp9K67tPki4xh6zX,/wiki/R._A._Wrede
i-DMkWg2gYcX75t4EbByUoqv,/wiki/Rabbe_Wladimir_Wrede
i-466ra1n3Tbh4r8eTuNGkPY,/wiki/Fredrik_Nikolai_Onni_Theodor_von_Zansen
i-KLfq6uJD2dXER75p7KmAih,/wiki/Juhana_Heikki_Ala-Hanho
i-Pwjr6vGBf5sGMw2BtNjBMH,/wiki/Edvin_Avellan
i-EmqNER47i1Nu1rJadKyiQw,/wiki/Daniel_Edvard_Duncker
i-UuNpejz63DNoacNWFAFjXE,/wiki/Gustaf_Viktor_Eklund
i-X9eEjh4Va2BNBd1gCaYmjx,/wiki/Nils_Anders_Gadolin
i-GtHU82sNyMBmYF9LF32Xqb,/wiki/Niilo_Aleksander_Grundstr%C3%B6m
i-WVKwwkZcuPEpz3Brz94buW,/wiki/Heikki_Hannikainen_(valtiop%C3%A4iv%C3%A4mies)
i-E78eJvBU44BnbTEwUNPTah,/wiki/Karl_Hannus
i-9aDbyMZb3HGMW7gsFNVDFf,/wiki/Heikki_Hassinen
i-SkKUXsPiaabPiKXqGWU5WM,/wiki/Kaarle_Kustaa_Hegerstr%C3%B6m
i-HUvuQRnpDN1nYgahrKQD5D,/wiki/Berndt_Emil_Hollm%C3%A9rus
i-7K1R7onuVdgtGFopJAhfsE,/wiki/Tuomas_Heikki_H%C3%A4rk%C3%B6nen
i-BErjhp3tUnzeux36oFRArJ,/wiki/Aapeli_H%C3%A4yrinen
i-UcisgbwAvcKxuWVnXtfHbW,/wiki/Juhana_Id%C3%A4np%C3%A4%C3%A4n-Heikkil%C3%A4
i-NAuZTui4bievWP5oqZC398,/wiki/Elias_Illi
i-9ke1vqyxGLfkocb4LBaBab,/wiki/Heikki_Jaatinen
i-88G2sF2D3mAUmxa3DguhUn,/wiki/Tahvo_Jaatinen
i-rtS2zvMx1CcSvtyFjApXZ,/wiki/Juhana_Samuel_Junttila
i-RtZYJRUio7AUd7ime4k5jZ,/wiki/Abel_J%C3%A4ntti
i-JJwVm2LBGhA6k7954SE3XD,/wiki/Karl_August_Karlstedt
i-X1nJ4shXTnndLogA9D39Dh,/wiki/Israel_Karvosenoja
i-YKh2D6esz3YFMqvWKxgbLV,/wiki/Lauri_Ker%C3%A4nen_(valtiop%C3%A4iv%C3%A4mies)
i-5mY11xX6ZMjUz2PaHbNRcE,/wiki/Niilo_Kosonen
i-RpVDw6iitmizfBXkZBCRJA,/wiki/Tuomas_Kuisma
i-HCsDZ4jw1CfzTFHQ59MHas,/wiki/Antti_Laari
i-VnH4zjf69L3FmLnnG2A94f,/wiki/Gustaf_Wilhelm_Liukkonen
i-LCk7nVEL2LauAF4kV4yAdD,/wiki/August_Malm
i-TPLLng6ovQtEFTALxn8PZa,/wiki/Agathon_Meurman
i-9thAhg8ZLGWJfcGpsVfS2n,/wiki/Matti_Montonen
i-FGZtsFCfw113CzEnLXSp3t,/wiki/Jaakko_Myllyl%C3%A4_(valtiop%C3%A4iv%C3%A4mies)
i-7bYbzEpoHYojLQLfN2b2aa,/wiki/Anton_M%C3%A4kel%C3%A4_(valtiop%C3%A4iv%C3%A4mies)
i-2Nv6cX45TaPfoUjwp4kCNm,/wiki/Enok_Nohteri
i-W4ibMT8ydrvyppRBYphuZ,/wiki/Paavo_Nyr%C3%B6nen
i-4JaESVZ7PJrEMEm1tSderF,/wiki/Leander_Olofsson
i-HCzKggNUcwH4QKEnXcArFk,/wiki/Jaakko_Pahkamaa
i-WEZivZLhRSkR9TTeHZq7E2,/wiki/Juho_Pernu
i-MJFSJa1aXzYnXn8PW7NoCX,/wiki/Viktor_Raipala
i-VdydETaWU2BpZVHpNTDKnE,/wiki/Robert_Rannikko
i-Cc5prx5Y6fGy4RZqhPRyiV,/wiki/Wasilei_Ratinen
i-JLC3dWijsXJedeNJ5t2xMn,/wiki/Juhana_Sivenius-Sipil%C3%A4
i-BhMbzimeFJ3hWrFCA46k9Y,/wiki/Erik_Johan_Str%C3%A5hle
i-7F4xdWsmn5h2gsuep9xE2v,/wiki/Zefanias_Suutarla
i-2M9Q96JhxJvPjW2FZPFTCY,/wiki/Anders_Svedberg
i-CoMYVcvAbrFUkcyuiLmjQG,/wiki/Juhana_Petter_Valkola
i-QBzR9quZuLUvCqxCppFswG,/wiki/Juhana_Yl%C3%B6nen
i-81Zkpqx4nbx5hBdZktoW1S,/wiki/Torsten_Thure_Renvall
i-VD9ZzJneAntKWjMSaVZzUN,/wiki/Antero_Warelius
i-PtuyxaDFzQJ2vXUDYSKW5C,/wiki/Anders_Oskar_T%C3%B6rnudd
i-ADo3dxzyboJHdTWQddKbDD,/wiki/Frans_Henrik_Bergroth
i-RhBRSkx9yQCaJTuJXtgxWb,/wiki/Gustaf_Dahlberg
i-AyjRaKbfynRtsDXw51CRKR,/wiki/Karl_Fredrik_%C3%96ller
i-65PsEP61dd8KH7gyeVHWxs,/wiki/Jakob_Henrik_Roos
i-2pD791VLsqhv5WJ2JcdDCs,/wiki/Karl_Emil_Stenb%C3%A4ck
i-89jFrq7FjBEeRhr9LtLkMw,/wiki/Viktor_Laurentius_Helander
i-VeJcY7HKzWYk4AsDj8GPyn,/wiki/Anders_Johan_Hornborg
i-WZrjaFeP6M4ENU12xLztDg,/wiki/Fredrik_Vilhelm_Fredrikson
i-8f5tRtT5D15j7HTFKPzTBC,/wiki/Johan_August_Lindel%C3%B6f
i-CM2N1ripkWqmSaCMrmMPMn,/wiki/Anton_Lilius
i-QwcTLbpo4YVwryjr1GArpy,/wiki/Otto_Mauritz_Nordstr%C3%B6m
i-Qnp6pqgLniPF2sFKE6V5wi,/wiki/Alexander_Wilhelm_Lyra
i-YUdcq76DdTwQ5My5zAadSe,/wiki/Johan_Viktor_Calamnius
i-SzqzswQ1RPMaaeiMYjG5Ca,/wiki/Anders_Gustaf_Westerlund
i-XPsFtNapCWqxkfZ1X9V1o7,/wiki/Wilhelm_Lindstedt
i-Np41SwUHwR2XNxuHxkXohs,/wiki/Karl_Gustaf_Ehrstr%C3%B6m
i-XbAQtPkdSaTdnLcpdJrmsg,/wiki/Otto_Donner_(kielitieteilij%C3%A4)
i-WVXdqsXffbuVYsgyHLau3U,/wiki/Johan_Gabriel_Geitlin
i-841LACBsbRyzoAKcfc9o5p,/wiki/Alexander_Gustaf_Julius_Hallsten
i-4BxrPp26pf8Z96Nxn6quS4,/wiki/Yrj%C3%B6_Sakari_Yrj%C3%B6-Koskinen
i-34gigkRr2uXshwGmQ4qktb,/wiki/Alfred_Kihlman
i-HfEbbpVpEUS7EMymsy7tc6,/wiki/Zacharias_Cleve
i-FXUQh967xLRCogeTYmdrCW,/wiki/Emil_Frithiof_Andersin
i-At9a8ncvtGPg92S7PgB8fA,/wiki/Edvin_Bergroth
i-Vquuv2Q1nBy3xPM3DXsFHJ,/wiki/Emanuel_Saloheimo
i-BJyQJPdthT1RRdTugUdZuZ,/wiki/Robert_Castr%C3%A9n
i-CGNfHCSmfYZ4tNvJeVzTTV,/wiki/Ludvig_Gustaf_Leonhard_Clouberg
i-EYL9UZ7jUiPhk9qT9L4Gma,/wiki/Petter_Edvard_Ervast
i-J4VesWHSy7vjipBi6XD4Hw,/wiki/Carl_Federley
i-9D2LibJwPUscnAJfeCAzVY,/wiki/Johan_August_Florin
i-JwTjoz93HVQHyRNS5qpK9c,/wiki/Axel_Georg_Henrik_Gr%C3%B6nvik
i-5wGgfoitFJgsHxGLJqKGy6,/wiki/Herman_Erik_Gummerus
i-4uYMuK2CS64Vd4VXcM41TY,/wiki/K._G._G%C3%B6%C3%B6s
i-7KxQWYRijD5jxcyYeme3uf,/wiki/Mauritz_Hallberg
i-VyRQHiuU325bocyuNaMNwp,/wiki/Alarik_Hasselblatt
i-A2fa7zDugMgoGur3miP6wM,/wiki/Oskar_Hedlund
i-N4Kj7XJKByKctvmiVZHuWm,/wiki/Felix_Heikel
i-QJ1ZkTV7SwMpxh2ZB1Guar,/wiki/Richard_Heimberger
i-4roc5uHbzAkspAR4dugTxs,/wiki/Walter_Hoving
i-AYoxgmS8gHJDiYdTBRU1Bm,/wiki/Axel_August_H%C3%A5rdh
i-7txY9TGxvA9452DMrBpy15,/wiki/Gustaf_Adolf_Ingman
i-JpZo7AviDFXB9nUQMjepfA,/wiki/Karl_Lindholm
i-3so22gdMat8n2MaFav5XhX,/wiki/Ferdinand_Lojander
i-NDDsvs2KPqUENDma8QUX7J,/wiki/Anders_Johan_Malmgren
i-5TSspidDoU2K2pXp226J2p,/wiki/Frithiof_Neovius
i-LnKGDyGvxDZZ7YsqPeHWDK,/wiki/Frithiof_Napoleon_Neppenstr%C3%B6m
i-JFFd4ZuB8jwp2b9revhQqt,/wiki/Carl_Nummelin
i-5k9g3BpVLuXcY974wBrJ9i,/wiki/Wilhelm_Panelius
i-6JybuhLJX5Qmzhe4hT7PER,/wiki/Juho_Pelkonen
i-KgjJCxbdt82hzHKsnYYkx4,/wiki/Ernst_R%C3%B6nnb%C3%A4ck
i-3qQ2rqBSKFC1Nnf3bj8fKb,/wiki/Johan_Josef_Stenb%C3%A4ck
i-9vkyMVcmbACmYXjiobcPPP,/wiki/Adolf_Wasenius
i-SWcAb2S58766GiVqcK2yWq,/wiki/Johan_Gustaf_Wikestr%C3%B6m
i-3vKiENeoA3CspmdF15oiTu,/wiki/Elias_%C3%96hman
i-WtiFTQjstvy78fAdBcCLFT,/wiki/Tomas_Erik_Robert_Adolf_Adlercreutz
i-CyA98HnR3uENykk8myABmW,/wiki/Axel_Henrik_Antell
i-KR84sJFFS2USNruSw4DL1V,/wiki/Constantin_Boije_af_Genn%C3%A4s
i-B7K44WE4uTopCniVGbSNrZ,/wiki/Alexander_von_Collan
i-893yjQTkC3raezZozvP5nd,/wiki/Frans_Edvard_Edelheim
i-SyVV264UBZ1JB58yfmkdmz,/wiki/Axel_Ekestubbe
i-raJP4KVhfRny4UGkxwDu4,/wiki/Alexander_von_Etter
i-LBgUfgHuPnnZdDar6ZUzhW,/wiki/Carl_Wilhelm_Daniel_von_Fieandt
i-WTPJdE9dsMppVoEfCh64m2,/wiki/Carl_Theodor_von_Frenckell
i-2ELCNXniPoUbrhGohCTZVH,/wiki/Waldemar_von_Frenckell
i-JRuabJufBV6PK6Ww9smaZ3,/wiki/Lars_Magnus_Vladimir_Glansenstierna
i-44XqmFJXMAvDCvwFoaKM3f,/wiki/A._A._Granfelt
i-XAhPHpjCL41PGZ85XdBSmS,/wiki/Alexis_Gripenberg
i-C9KYhraNLJSN4TypRVTUUr,/wiki/Lennart_Gripenberg
i-AtzZDHHkMR8JK9m5A1frvF,/wiki/Nils_Bernt_Grotenfelt
i-QqBB3xoTfxVdjYr5NQonYt,/wiki/Lars_Emil_von_Haartman
i-zC1JQ6HfsjfVTmDo1UNS4,/wiki/Krister_J%C3%A4gerski%C3%B6ld
i-ENeMx6XG6uxkKZ5MuVZMcF,/wiki/Anton_Leonard_von_Knorring
i-34mfTvfVt9Bdb5T1DmaSyQ,/wiki/Georg_Kasimir_Ladau
i-H2tWZRuEZ8bzGbjzhmGuxp,/wiki/Wilhelm_Lagus
i-SFc8hpHHMKPoBCPMh5HGZC,/wiki/Gustaf_Adolf_Langenski%C3%B6ld
i-95LiWSVCTALqsRCn79kA23,/wiki/Torsten_Leonard_Lode
i-FGXsDXPGYxh7QuVwHKESrf,/wiki/Lennart_Fritiof_Munck_af_Fulkila
i-QskzHhWrhp8unnoSpbaboW,/wiki/Wilhelm_Fredrik_von_Nottbeck
i-H5ZHs71VNBBoa2s2Mnefgi,/wiki/Nils_Otto_Nordenski%C3%B6ld_(valtiop%C3%A4ivämies)
i-41d4zMw4hn2GPrzvCT2NuU,/wiki/Wolter_Ramsay
i-AMw8Mgy5XNirhXZx9dDqkZ,/wiki/Ernst_Viktor_von_Rehausen
i-FJYWThSR2FXXQsLLsRCnTT,/wiki/Alexander_Rokassowskij
i-CEp3RjrmexchFBpruvkhuA,/wiki/Alfred_Rosenbr%C3%B6ijer
i-KEH715U4Y1bzNSfLtCZFuv,/wiki/Onni_Schildt
i-BKn5P8moHXW7NGJY13Xq5b,/wiki/Carl_Rudolf_Christer_Schulman
i-KyrAu5PxJtcHbBh2XnzKUA,/wiki/Maximus_af_Schult%C3%A9n
i-SQJ5Monvd2cwvwoh9Q8GtZ,/wiki/Uno_von_Schrowe
i-KNCVkqasjV7R2ZyH3Yotmf,/wiki/Woldemar_Gustaf_Silfversvan
i-W8Db684k5G37wqhA7J42ay,/wiki/Anders_Henrik_Snellman
i-5UZXZE7AgBvtFPnfZi5mE1,/wiki/Wilhelm_Snellman
i-EHRMnkSVAPak3672NPWQUt,/wiki/Alexander_Eugen_Sp%C3%A5re
i-Ndoz7NSGawumf9wRE9WPFY,/wiki/Carl_August_Standertskj%C3%B6ld_(s._1814)
i-Au3rrHPYjxqFxpM5yc49pc,/wiki/Carl_August_Standertskj%C3%B6ld_(1855%E2%80%931935)
i-YRHK5GeF8RREeVWw42KeFH,/wiki/Karl_Johan_Robert_Standertskj%C3%B6ld
i-TT9wVN7fF9yzm6SxBGQwCu,/wiki/Emil_Stjernvall-Walleen
i-3UZR8F4MDTpxope8ME8oS9,/wiki/Werner_Tawaststjerna
i-Tsm7XwQqjWpXrCqx4saGXA,/wiki/Gustaf_Alexander_Tigerstedt
i-9BsvhCCbJoxB6QVVgThqkj,/wiki/Karl_Alexander_Napoleon_Tigerstedt
i-Jm95cRi4PQKtWmo5J9B7Au,/wiki/Reinhold_von_Willebrand
i-GC4iKVSUKy4zqrxEso8fJC,/wiki/Otto_Wrede
i-BtyTqDgYHyDR8B3iubyn6A,/wiki/Viktor_Julius_von_Wright
i-C1erW2VL4DDDK4tT3v1qWW,/wiki/Fredrik_Frithiof_Maximilian_Gottlieb_von_Zansen
i-HGkvq3faHKCS2q8w4Fwvdd,/wiki/Petter_Auvinen
i-S3BEuv7Bn8ayM26jYrr83J,/wiki/Adolf_Natanael_Colliander
i-KSwyQA3Qqn4zEnSkGR2MwP,/wiki/Torsten_Costiander
i-Gv1vJVBUh9kKpS6xeF9qMU,/wiki/Alexander_Otto_Ehrström
i-8fozU89a5VmbroNCoe3k21,/wiki/Olli_Fredrik_Eronen
i-FcinkmTGBnbazMfGGKxqLK,/wiki/Juho_Haanpää
i-HicBkrSSbTW8EDMiSKYeB4,/wiki/Kaarle_Kustaa_Hegerström
i-WyWDwtFVYiUTfBNGyKxSTL,/wiki/Elias_Hirvonen
i-9TS8gGDDuE6YKRByELCps3,/wiki/Iisakki_Hoikka
i-YTNwx2LtDGfsnAtXUoaX3r,/wiki/Berndt_Emil_Hollmerus
i-8X1nwKUPMKMGEhCaJ33P2G,/wiki/Juhana_Hyytiäinen
i-2w9giVamyJ2nS6azpnMhFi,/wiki/Jaakko_Häkli
i-69MYJUh7yg3VUNsWse5CGp,/wiki/Matti_Junnola
i-C4a3WTXNcs3RVBdmWXkxK,/wiki/Pekka_Kakkinen
i-X5W1rrN1xx2w7oSS9xukaA,/wiki/Juho_Kaksola
i-Wcky67Qf2rGc89qYWAKwSZ,/wiki/David_Kalli
i-Cv9BDDHsNUPXghUwXRjrTE,/wiki/Kaarle_Komonen
i-HL3yrDjwhm33a2RNeSZtne,/wiki/Juhana_Korhonen
i-Wsd1nrWEpNDoxuvqvTmVJb,/wiki/Axel_Kyander
i-6uGv5Py1DwPoEDrATVCYHQ,/wiki/Fredrik_Vilhelm_Lagerstedt
i-AHE3ySk5hTh2HNnKw9VDUz,/wiki/Lassi_Laitinen
i-MP8tCuyCgGu6j7iyfmn1Hs,/wiki/Tuomas_Laurikainen
i-MpYr5qap95o2iCMfyBRiYr,/wiki/Juho_Heikki_Luoma
i-Bc255J2cg5S3LZQwLqTD4Y,/wiki/Pekka_Lepp%C3%A4nen_(valtiop%C3%A4iv%C3%A4mies)
i-HPtpyWz43gQAfG5VSspCby,/wiki/Juho_M%C3%B6tt%C3%B6l%C3%A4
i-4rABVLy3b8KBGeF9J7yYrp,/wiki/Kaarle_Ojanen_(valtiop%C3%A4iv%C3%A4mies)
i-2WWyV6tYwf1MCC9zgsfC2t,/wiki/Gabriel_Paunonen
i-48bPgpGt4oMSMDPZWM69y8,/wiki/Kustaa_Pellonp%C3%A4%C3%A4
i-4pEgB7XfvwUQWFMZb17EBR,/wiki/Kaarlo_Pyydysm%C3%A4ki
i-DsQvv1m8aCf8m1tSrSAMR1,/wiki/Pietari_P%C3%A4iv%C3%A4rinta
i-9QnzH3tsT5uUVRkYzhnCWS,/wiki/Erik_P%C3%B6ysti
i-Hv6XAG6mPv5vY2zxYJf3BD,/wiki/Juho_Pietari_Sahlgren
i-42bbqgxbvyzVXTAmjYWYGz,/wiki/Gustaf_Wilhelm_Sandell
i-2ovyX7AoGzjWAqK7ZaGgd4,/wiki/Gustaf_Adolf_Sil%C3%A9n
i-LA35x1Y7XM3uhT1r9Nc2oy,/wiki/Henrik_Svanberg
i-RHqygXe6TkBr9hHcesVUv4,/wiki/Viktor_Vilhelm_S%C3%B6derholm
i-3SZWVADXp26LoEUsfMXtuW,/wiki/Eerik_Tensikkala
i-izFXuH12VisPQyZuARAE6,/wiki/Kustaa_Aadolf_Tervoinen
i-N2Z97XeDoEhoXqMP1Yb91f,/wiki/Heikki_Tikkanen_(valtiop%C3%A4iv%C3%A4mies)
i-RuWjhvcLonqckZ5vuFTfDf,/wiki/Elias_August_Tunkelo
i-4bSe4pEDuXKFRxkZehKLfn,/wiki/Kaarlo_V%C3%A4rri
i-D2g5wWQiqw9p79PhuHGzim,/wiki/Salomon_Hirvinen
i-VwibmpSUHRf18jjByiX717,/wiki/Ture_Birger_Wegelius
i-HPjHzSRBVZu5dgj2E8rwgi,/wiki/August_Edvard_Granfelt
i-KxTPNsdvaDSQXea4wDGU8f,/wiki/Gustaf_Robert_B%C3%B6%C3%B6k
i-6eNAyWqvwVhwshqVaFpBzh,/wiki/Gustaf_Viktor_Eklund_(pappi)
i-NpQ4pik31NjbjFQK1eTY2D,/wiki/E._V._Petterson
i-H7UUat8gTkKMjfbsaDf8ce,/wiki/Nestor_J%C3%A4rvinen
i-KSodbRwY6NwA3H7C4ZjcDU,/wiki/Henrik_Edvard_Rauramo
i-EofqyGpvHy8k9NzSeJtd6F,/wiki/Jaakko_Forsman
i-2CJtkh9e4uShfgLaoscF6f,/wiki/August_Johan_Frosterus
i-QQ7rzMcvpGv1RunkkD3Hgv,/wiki/Johan_Wilhelm_Runeberg
i-DJWGoTpJ6wbx8LwyyourdQ,/wiki/Carl_Gustaf_Estlander
i-R8pmgSjrtL5RNu17k6YJJ8,/wiki/Gerhard_Pehr_Alopaeus
i-P8ZyisnHJoEetVdab3w2LR,/wiki/Oskar_Backman
i-Pvw9EBwj6b461Z2NzQEMrw,/wiki/Ernst_Dahlstr%C3%B6m
i-4yVsDwH7PWREgHakxAnZUW,/wiki/Rudolf_Bernhard_Elving
i-3nP8YuTqeTAw5agRhk1szM,/wiki/Waldemar_Eneberg
i-54r13ERSDzuTFF59pPjUaH,/wiki/Alfred_Hedman
i-PXuku1HofhxbHupjzJDbQt,/wiki/K._J._H%C3%B6gman
i-DfoBXxWtHB1dPk3VFvEfhi,/wiki/Robert_Junnelius
i-Ssz6NPb9rMtK26HHXkXoyb,/wiki/Lauri_Kivek%C3%A4s
i-PsebhHbMPp7TojDsoDt1hW,/wiki/Axel_Lille
i-4Z2hKQhRddVgP2niaVrbm3,/wiki/Karl_Johan_Lund
i-LmMgV7SdqVNZjRdPMKRJ7T,/wiki/Anshelm_Nordman
i-DiRtoFeWwZgawSF374ZTgV,/wiki/Karl_Arvid_Nyberg
i-J2CszrE3gkUiAQ8Qt52mWd,/wiki/Leonard_von_Pfaler
i-J2oB12cTydw9DLfUm3uYBN,/wiki/Georg_Rosenius
i-EJMdBVXoPwci3WftmbWBr1,/wiki/Emil_Schybergson
i-EVfZBUkzrmkjLRX3mG1o3n,/wiki/Julian_Serlachius
i-LfjijKcu6wrjy8uVqHyVJp,/wiki/Frans_Sumelius
i-5g8WJnGMjg684X2dzwMr2J,/wiki/Fredrik_Sundwall
i-WtbprdVHLEQzfY1r3J5vvD,/wiki/J._W._S%C3%B6derlund
i-D1GPM5fGkX12cAZ2QV4vzv,/wiki/Leopold_S%C3%B6derstr%C3%B6m
i-SzT9Ti41fPxiEJHVPCHzAT,/wiki/Theodor_Tallqvist_(insin%C3%B6%C3%B6ri)
i-Dzo2xTpgSK2hWn5XcoQy3,/wiki/Ernst_Wilhelm_Tegengren
i-Ga8ijRDWR7P52ZAHc5oi33,/wiki/Karl_Robert_%C3%85str%C3%B6m
i-USB6cv2Fm7N5MmQfNLSvT5,/wiki/Adolf_Kasimir_Aminoff
i-ASEDaBg8bCZ47EA2Ncmhc5,/wiki/Johan_Fredrik_Gustav_Aminoff
i-QcNomwuvdVFymGu4tEokDW,/wiki/Adolf_Edvin_Arppe
i-CFM4Fw2rCrVGNA1oeR3pqL,/wiki/Adolf_Edvard_Björkenheim
i-9d9rupBa8UeJDKSfpquqqZ,/wiki/Axel_Björkenheim
i-8runLzZr3KN4su8JW8fxK8,/wiki/Robert_Gustaf_Ivar_Blåfield
i-NQLXuNv2TZG5tDydaVXrk2,/wiki/Karl_Magnus_Emil_Brummer
i-6D2GsjXreTSdsxx3MhRbND,/wiki/Karl_Wilhelm_Bruncrona
i-U2A7cwzeuhuxLi8KooFg4u,/wiki/Theodor_Bruun_(nuorempi)
i-SGZvu2gmDdnsbFXvehPV56,/wiki/Emil_Waldemar_Cedercreutz
i-2Ji5aehRfDbxVmrRpEzJLv,/wiki/Edvard_Waldemar_von_Christierson
i-2ZVFdKNgodWAvp9mUf7Ku6,/wiki/Carl_Anton_Reinhold_Ludvig_Cronstedt
i-Wz72rDtteZJjjXbMTzBAUr,/wiki/Albert_Edelfelt
i-SiFian5B3vruST13ZFJvMQ,/wiki/Alfred_Henrik_Balthasar_Ehrenstolpe
i-EcTftrF95cFGy5fyqKnWGy,/wiki/Pehr_Ivar_Ekbom
i-MEoY3ZYgtDsM2D23r4yfXX,/wiki/Georg_Fraser
i-9JYQQJa8gS6udXTpcpAtpY,/wiki/Axel_Gadolin
i-JegZkHxf46YZWobeeVhAjW,/wiki/Gustaf_Adolf_Gripenberg
i-GbyfTXHevxWvXpYKfxzfVD,/wiki/Johan_Axel_Gripenberg
i-SSc9zSnPAgfhX8h2yDhK5b,/wiki/Fredrik_J%C3%A4rnefelt
i-TYnYVTeZurrqCheXFbt4rb,/wiki/Alexander_von_Knorring
i-Tn9Nab3J9yB7jDsvGXvMxV,/wiki/Frans_Egenolf_Eugen_von_Knorring
i-XFSBcMLXvFzb27PDUYFm4d,/wiki/Johannes_Alarik_von_Knorring
i-56qQA3iqYwQYgNMQ9bKbLo,/wiki/Karl_Langenski%C3%B6ld
i-CRi4mjW1YHACfcQN5mhvhT,/wiki/Julius_af_Lindfors
i-HjwH6PdtQ6PYxtY2MfXSKE,/wiki/Alexander_Joakim_von_Minkwitz
i-GoJDCrdgd2qZy1f7rkMH7N,/wiki/Herman_Maximilian_Molander
i-48YM2b9BJr2htyWEZfcwUL,/wiki/Carl_Otto_Alexander_Munck
i-LcYSLrozY9sdA2Hktjosng,/wiki/Alfred_Norrm%C3%A9n
i-LMFvjALUJyhAo2SR348fhS,/wiki/Oscar_Norrm%C3%A9n
i-V6a5sMYUGVR1EQbk7LuVBj,/wiki/Hjalmar_Filip_Palm%C3%A9n
i-DJqfu91o5SoXbVjmmMRAqq,/wiki/Victor_Napoleon_Procop%C3%A9
i-2a1jEQVQLMgg8WcCkNCz31,/wiki/August_Ramsay
i-A3bUhmmU7zXynBpDrUyQCp,/wiki/August_Michael_Schauman
i-8VQqnGNtyopdxzqJosYc5d,/wiki/Karl_Allan_Knut_Schulman
i-NT9DfbhMZGzqHNjgL2hXP8,/wiki/Georg_Otto_Segerstr%C3%A5le
i-7Mf1FukvWxDMPMyr22NKEd,/wiki/Axel_Oskar_Achates_Standertskj%C3%B6ld
i-RrrZcYmz8gMNNh9veSLgyy,/wiki/Hugo_Standertskj%C3%B6ld
i-5CEB5WKnuEP1HVhoKubDG8,/wiki/Herman_Standertskj%C3%B6ld-Nordenstam
i-TR13JsM23E7ipXqPtPdrJn,/wiki/Theodor_Tigerstedt
i-2QuMhjdBvRwN4UjQH2UEkH,/wiki/Axel_Wilhelm_Wahren
i-SoWgEmbVTmdPn2HvTMFCF,/wiki/Gustaf_Albin_Wasastjerna
i-8QS8NxWXnYbGNGay7eWUi3,/wiki/Karl_Oskar_Wasastjerna
i-GtNusg1wv3P4Wstjqet9bS,/wiki/Reinhold_Felix_von_Willebrand
i-L5ZARSz8GnJB3juLAWJzKY,/wiki/Karl_August_Wrede
i-8E6upeFa6s7X6k7Za6dQbj,/wiki/Yrj%C3%B6_Koskinen_Yrj%C3%B6-Koskinen
i-LXeKqcnhWJRPyVB2hLU94o,/wiki/Gabriel_Anttila
i-drx3oHYwjhh9pfERSJ75V,/wiki/Aksel_Emil_Brander
i-RN2xBfcNHm4QFV3THjTHgy,/wiki/Karl_Johan_Br%C3%A4nn%C3%A4s
i-5usRxb8stk7Y8Qfk8UTRrM,/wiki/Jonas_Castr%C3%A9n
i-NhaCf8kMDuGNBTufgaKJj2,/wiki/Alexander_Otto_Ehrstr%C3%B6m
i-T2NvVpCbguQDo4BsdWUvRd,/wiki/Juho_Rudolf_Forsman
i-KBo1wGumzvige3fKvvL6Ad,/wiki/Adam_Halkilahti
i-DAswt6RRgwU6zpSfVftUAi,/wiki/Sanfrid_Hasselqvist
i-JmtkRTXPxLj16WVpvPBziX,/wiki/Jaakko_H%C3%A4kli
i-5EwiiZJg4fayJqXsvpUwen,/wiki/Hugo_Kalima
i-SVUC6CZ6K8PYcHFwEQ5T2T,/wiki/David_Karppelin
i-yz5WqRw8dv6YYSDpDNaKH,/wiki/Kustaa_Kiipula
i-KVhhqWgv5athrCNYRVhUH5,/wiki/Juho_Klami
i-UBSoYX91VzS6A6UZDp8vNf,/wiki/Kaarlo_Kokkonen
i-Re4PUqw3hSF2gYzFAbLco4,/wiki/Erik_Johan_K%C3%A4nn%C3%A4l%C3%A4
i-TxHTtFi8LDbM7cE3BQoWbp,/wiki/August_Kristian_Lemstr%C3%B6m
i-JouMnc29yqszZkV4fw6wdz,/wiki/Jaakko_Martola
i-VTKTKJy5YhuQPiyvf9Mvh3,/wiki/Kaarlo_Vilho_Piintil%C3%A4
i-3Qx3Kq78Mhk3SQZyWMmLQk,/wiki/Tuomas_Poutiainen
i-QhncDJ9GjFzajpogRjMHPM,/wiki/Vilhelm_P%C3%A4%C3%A4kk%C3%B6nen
i-RLs3KN5zMfehHXGTrj8v3o,/wiki/Kustaa_Adolf_Raitanen
i-MogwxPPyotmdVHPokgUn5V,/wiki/David_Savolainen_(valtiop%C3%A4iv%C3%A4mies)
i-Mx8rT8cEuAAhv39T79k9Lo,/wiki/Risto_Summa
i-M9GEjZeNs7B27BfEGmJYSN,/wiki/Kaarle_Henrik_Teittinen
i-WCzaY3RxHpZPCCrEhQE6FZ,/wiki/Antti_Tuomikoski
i-PgP4VQLBSWeqNWkwt4rYeN,/wiki/Antti_Waris
i-3Pm2N36ePLqUGq4sbqCd2e,/wiki/Kosti_Vehanen_(toimittaja)
i-7r77TsZ9KwmhJExgnCC3ao,/wiki/Juho_Wuolijoki
i-Xji3XqSCAwVoU2h1aq8XxK,/wiki/Juho_W%C3%A4h%C3%A4l%C3%A4
i-57ViD4iqKfXa8LCTZAUoCd,/wiki/Johan_Frans_Sahlberg
i-AFemGZFFfQwsEoFgxVNfFY,/wiki/Jakob_Cederberg
i-SkK4TRBZDox3b1jvm2qT2t,/wiki/Gustaf_Gideon_Forsman
i-KsLWXt96o6G3c9qu9e3nSH,/wiki/Abel_Nyholm
i-29jAvqcdVSDmnMHm7GL7zd,/wiki/Josua_Johansson
i-P5da9MFNVQpRhU72ekmUz2,/wiki/Gustaf_Oskar_Teodor_Nordstr%C3%B6m
i-Ay8y6qphUDYbXoFXQgQvgE,/wiki/Alexander_Gustaf_Walle
i-Rby9gqrGcd7k1U8tGWeVco,/wiki/Aleksanteri_Gummerus
i-THAVuE4axrjJyKgs83WVGV,/wiki/Josef_%C3%96sterbladh
i-8szEC6gYbh13raoQapiDAe,/wiki/Klas_Erik_J%C3%A4rnefelt
i-LhNeaJMK2rPRdMfEm4W2yR,/wiki/J._R._Danielson-Kalmari
i-2W4vYEoJYZJJk2NotrpeYd,/wiki/J._J._F._Perander
i-P5yxBbcUYC7ESsTCmTiwPG,/wiki/Oscar_Wilhelm_Andst%C3%A9n
i-SqM5eM5mRQL5Ezs1SSYeE,/wiki/Ossian_Wuorenheimo
i-RT3U6VrgfFvTbEBaT1WU4Q,/wiki/Alfred_Burman
i-JLX8xK6Rhi1zuYvtz9WxNx,/wiki/Georg_Henrik_Calonius
i-LcbKWGDpGm9XdVkcD4Yn4p,/wiki/Carl_Alfred_Carlstr%C3%B6m
i-8TL8oDdwcv5Rfdi8UttB5v,/wiki/Isak_Fellman
i-S3GuL4uWXYcmpjmQUj9PCt,/wiki/Valentin_Gummerus
i-MZzLK6ceKqS79rLo8ueo9E,/wiki/Robert_Hartman
i-XTm7WfMb8Qz55wD74N5o4P,/wiki/August_Herckman
i-DdvHcgdBbdRimFMB8LiyD9,/wiki/August_Ferdinand_Juselius
i-7yK1RckJEeJLB92G95c3Gp,/wiki/Viktor_Lounasmaa
i-SDx8XWaQ1pBA9gKiPinHpP,/wiki/Juho_Nissinen
i-Ga4zhpKhZgMrwW6CEFhPKo,/wiki/K._H._Renlund
i-762s2i38qoq51A37VdxZFK,/wiki/Gustaf_Ferdinand_Snellman
i-2znFq4zFPRn3Y3XsTtU4CK,/wiki/Johan_Str%C3%B6mberg_(valtiop%C3%A4iv%C3%A4mies)
i-7zrSCjdsCXYncQRKdZRTxq,/wiki/Karl_Wilhelm_Sulin
i-63KqkF6arwqNKP67oDuFkp,/wiki/Carl_Fredrik_Tojkander
i-iS8LzzYMsoqMTRxq4iVRK,/wiki/Karl_Fredrik_Walle
i-2Lagjiv4piKgWYsSBqwUKU,/wiki/C._W._%C3%85kerlund
i-NUC4AmXjZ5KaMtPNfqBxhQ,/wiki/Albert_%C3%96berg
i-SW1vHpQ8FCcrVNRvfdz5ft,/wiki/Robert_Severin_af_Björksten
i-GhLcAkdgUqnsq7PwR6e8fZ,/wiki/Theodor_Frithiof_Blåfield
i-HAm3MZcMCaM4g7nN65aKmR,/wiki/Constantin_Boije_af_Gennäs
i-NKUVrN6kypayREU1YSXp1x,/wiki/Knut_Adolf_Boije_af_Gennäs
i-Tqp3j9qYioq4RaiA7DM5ac,/wiki/Carl_von_Bonsdorff
i-XDB8RGNdQBznykTAvXXYNU,/wiki/Reinhold_Brix_von_Böningh
i-CxC5n56mokAqSKPwqL2VNN,/wiki/Richard_Casimir_de_la_Chapelle
i-JS46V6rNtkSEGJw4cigY71,/wiki/Woldemar_von_Daehn
i-JQBLQvmLyE7C7HqEFYRN2A,/wiki/Gustaf_Mauritz_von_Essen
i-JWfUn6jaHzKj4SR2GH4dx5,/wiki/Alexander_Etholén
i-XZZYBmXAzVMnL5wScZ93RP,/wiki/Victor_Ludvig_Alexander_Falck
i-NNUNTXzUgmd3vM5ymCgTek,/wiki/Bror_Albert_von_Fieandt
i-2g556HzWNUiGYftBbkrC5Z,/wiki/Carl_Axel_Birger_af_Forselles
i-Nt8YGKJiiZ7gv6xC2bwbfr,/wiki/Gustaf_Adolf_Konstantin_Gripenberg
i-8QYakWUV2VeaBeSr6opb8f,/wiki/Julius_Grotenfelt
i-BdcCax9AbjJYKF3SaEwTau,/wiki/Kustavi_Grotenfelt
i-PgAMU6BqG36U1C18dfRoTQ,/wiki/Fridolf_Leopold_Hisinger
i-WBMomudNy8B9hzNBygMzwC,/wiki/Gustaf_Emil_af_Hällström
i-TvcxBipQbXEpB8ZmhBPP9x,/wiki/Eugen_Idestam
i-7Su6x7tWfCt4Pzqof8GtE8,/wiki/Carl_Johan_Jägerhorn
i-SdMoUcpSHjToPwQR4EJX9T,/wiki/Krister_Jägerskiöld
i-G3GyWSwuFaxKNReYYXx1r5,/wiki/Oskar_Adolf_Järnefelt
i-F9Uan6uDi3gGTXa1Gcn5Aj,/wiki/Sebastian_von_Knorring
i-KbCoxCNEWKajEohbj77myb,/wiki/Gustaf_Adolf_Langenskiöld
i-9jb7omAsinf5HbDQnJqHNR,/wiki/Karl_Langenskiöld
i-FARTN51opJpmXmZjke8Xyy,/wiki/Lorenz_Lindelöf
i-RpxSvxG4amN4EMcdgkbpKE,/wiki/Henrik_Adolf_Mechelin
i-HWyWGu6Fv6nhg9UH8FNaf3,/wiki/Oscar_Johan_Mechelin
i-25WDyXxu97AE9nCuf58dk9,/wiki/Carl_Gustaf_Munck
i-M1dRDrHkNpb4p39e5pVUGD,/wiki/Rudolf_Waldemar_Munsterhjelm
i-drdyfse5Wuqe9KFa6pgaB,/wiki/Paul_von_Nicolay
i-Hqgm2kBS8HE6njNDkKFAns,/wiki/Karl_Adolf_Nordenskiöld
i-Pf75wDVPHr1357N9G8kwHc,/wiki/Nils_Karl_Nordenskiöld
i-SqQK7dWUc7zwppHradamvV,/wiki/Fredrik_Nordmann
i-6bLoZWCJmwV4MoZ8ZV4ner,/wiki/Alfred_Norrmén
i-G86NetonwkTbVdHBbfsymU,/wiki/Oscar_Norrmén
i-Q21ZTbWmznLGQxXvyNXGvX,/wiki/Karl_Johan_Agaton_von_Numers
i-7jG8J9g1qE4EVZqJqnye6C,/wiki/K._E._Palmén
i-KXnVQ9JYufy6ePb39wj3E2,/wiki/Josef_Adam_Joakim_Pippingsköld
i-8MKgbaiETPMa7snAa5atfp,/wiki/Viktor_Napoleon_Procopé
i-9tbDnbqB7YsA4c84fGjvUA,/wiki/Adolf_Theodor_Rosenbröijer
i-QvmSKDnRAtXr4Y5xFUdyFL,/wiki/Waldemar_Schauman
i-Lk27AXaL7fVVebyiYHtGJy,/wiki/Alexander_Leonard_Carl_Schulman
i-Y9HwSnefcfc8ie1FV1Q1Pm,/wiki/Maximus_af_Schultén
i-PDBzu2g8GGcW9r8Ka5csJL,/wiki/Claes_Samuel_Segerstråle
i-8NNRe1LusyHkG6BDLBZ7Lw,/wiki/Johan_Viktor_Segerstråle
i-4qgpm6mYvkV4M6nEVsNkfh,/wiki/Arthur_Spåre
i-RrQ3T3si3z3UVhi3RdhVzj,/wiki/Axel_Johan_Alfons_Spåre
i-7Xx35fG1eDWsJEU7FNDwuj,/wiki/Knut_Robert_Karl_Walfrid_Spåre
i-Lyo8fpiixdh58SbJEgfmjR,/wiki/Fredrik_Magnus_Stackelberg
i-WP95ziWCZ9e7snckaW2g4Y,/wiki/Henrik_Carl_Gustaf_August_Standertskjöld
i-S8XRVnYxVF1uWdqPN4vmHV,/wiki/Karl_Johan_Robert_Standertskjöld
i-688qkpJ11dghzcz2Rj1Pdy,/wiki/Edvard_Robert_Standertskjöld
i-DAZaB4rXYdybpMQTXGxsze,/wiki/Herman_Standertskjöld-Nordenstam
i-dSiPKWsKjPbZgZMJNpR3n,/wiki/Paul_Hugo_Sölfverarm
i-M8vPca9XvnkuhF7z5k9Ho4,/wiki/Frithiof_Alarik_Tawaststjerna
i-PwnzQwwr5bqYkhupZAh7NR,/wiki/Wilhelm_Thesleff_(insinööri)
i-32w487iUhzdyQvB8GvE88D,/wiki/Axel_Fredrik_Tigerstedt
i-3mroD8PP6BXregJQa4iQrM,/wiki/Kasper_Hjalmar_Wrede
i-83D8FaELLM87Hz9Bt9o7ZD,/wiki/Georg_Herman_August_Wärnhjelm
i-eopnN1G8XrLSyWTXUh9Rp,/wiki/Yrjö_Sakari_Yrjö-Koskinen
i-8L8ihSMPg33RVce6ZrdeRn,/wiki/Juho_Alastalo
i-WjNrP4V2Q7sQnyWHLYvkVn,/wiki/Frans_Fredrik_Bj%C3%B6rni
i-9pashV7KkwGfYg8WYhns6X,/wiki/Alfred_Filip_Danielson
i-R28UTns33JCA99kCLanPzS,/wiki/Edvard_Gr%C3%B6nroos
i-Mv9xYt1oFBbC68U2iqevMq,/wiki/Johan_Gabriel_G%C3%A4dda
i-3QoJE2nk2uzndLypf2qBy4,/wiki/John_Hedberg
i-HthP1vw6jGWu3H5SEMkYN1,/wiki/Mikko_Helenius
i-8CWDYcThFfzGbqmvH1qv7L,/wiki/Konstantin_Saarenp%C3%A4%C3%A4
i-2iqk4FNw5j22mweLdquaqQ,/wiki/Karl_Henrik_Hornborg
i-4SBRhbBz611dxdnMCTF7zj,/wiki/Eeli_Juntunen
i-2fdqTSk49fKzFFFCPWD78H,/wiki/Carl_Filip_Lindfors
i-StNDotZqCKLbRxhLrc79wz,/wiki/Juho_Malkam%C3%A4ki
i-5ahKMDRNdvdeMdezNrmgyx,/wiki/Matti_E._Niemel%C3%A4
i-JorHLG9UJyX1sjpnaG1dmH,/wiki/Taneli_Nyk%C3%A4nen
i-KBYPaBJocZ9gbzQEGT2Xyq,/wiki/Abraham_Patja
i-XWr1NDzxxKPzbsdMfzX9ey,/wiki/Matti_Pennanen_(valtiop%C3%A4iv%C3%A4mies)
i-NopaF9v8qja8LhSbbnnb2M,/wiki/Kalle_Piilonen
i-Ucum7yRc9FUd2VVaAbvHaa,/wiki/Aappo_Rantaniemi
i-RAMm5EB5hewafqayKtSYFU,/wiki/Kaarlo_Fabian_Rautajoki
i-8qsh7pqC4xy1uzUqXqL4u6,/wiki/Carl_Georg_Rosenberg
i-232oBiwo9Msdu9iGgYgsy7,/wiki/Karl_Henrik_R%C3%A5bergh
i-H9cZ6VmKS5CfdGexv8Ug5L,/wiki/Josef_S%C3%B6derman
i-GaNJg5yyoLLZFLXLT5DqzS,/wiki/Joonas_Ven%C3%A4l%C3%A4inen
i-4wkWiyCXSJJ4U9FizZzLhw,/wiki/Frans_Viktor_Sandelin
i-VPZ98NQpXxvA33auBBTxBC,/wiki/Frans_Nordlund
i-9eGZuCKQEKyP2g7MzLLqxp,/wiki/Frans_Joakim_Torckell
i-BeRvKqtBy9SWuixQwoec6u,/wiki/Anton_Viktor_Appelqvist
i-5mrB9FPRsk5QE1MSMJGM5v,/wiki/Ivar_Markus_Tallgren
i-E4sJZkcvrMxBkmsiZoBAAh,/wiki/Johan_Jakob_Westerlund
i-2F6oVsrG3mDJDsy2mxCob7,/wiki/Ludvig_Alexander_Wennerstr%C3%B6m
i-KgR7MpxB5MYsXejsxVXa4B,/wiki/Herman_R%C3%A5bergh
i-FNPPwEod1e3taFV6aqGkL,/wiki/Juuso_Hedberg
i-PUGEJH9kXtM6B1imKCMoex,/wiki/Johannes_Schwartzberg
i-V6v31r5joHKS4WkUQfSh1v,/wiki/Niilo_Karilas
i-PxM4zoed54FM2xN5phWky8,/wiki/Johan_Henrik_Ilvonen
i-CsR6q8gQ8FuLGMLHgCXMP3,/wiki/Waldemar_Walli
i-SUpmw56zMz2APdv8K23tDg,/wiki/Ernst_Gustaf_Palm%C3%A9n
i-Tuzd3ffhjuy1CAvyKR6n28,/wiki/Kaarlo_Johan_Blomstedt
i-L98MJsiU1VuK4KecAX584L,/wiki/Petter_Gustaf_H%C3%A4llfors
i-DSjrPP1Ub5W9gAqYsTTrAh,/wiki/Otto_Immanuel_Appelberg
i-WEteKry32GJE2GnMiyXxih,/wiki/Carl_Ferdinand_Borenius
i-Xy6WTVyN3GTMYt6Friycp2,/wiki/Ernesti_Forsman
i-C3DvrWyQ2EcBDMiprvuVyR,/wiki/Theodor_Frosterus
i-PJieNR5tUWvJeBkxF7Dr9F,/wiki/Fredrik_Jansson
i-fA2djVh863LMVCqsSn8im,/wiki/Ferdinand_Alexander_Kumlin
i-6LsjDJLouE7qk6Fkq8dG5i,/wiki/Theodor_Lindh
i-KBRhFpxQ7JaxtdN7vnuj2r,/wiki/Hugo_Malmberg
i-54BETv5DN8FvfS7nZGfZiw,/wiki/Otto_Stenroth
i-J8B16Dk9GrSwVz9Qn7hcF8,/wiki/Carl_Johan_Sundman
i-Tsj4S7NTnyj22gTiduh9tv,/wiki/Hemming_%C3%85str%C3%B6m
i-WSyB6pTTNa91z1Kf4EmD6X,/wiki/Henrik_Thomas_Adlercreutz
i-8XNxnftYHEi8sGEojxrwPD,/wiki/Kristian_von_Alfthan
i-UDfLY4X7enJaiGPA89x5CJ,/wiki/Adolf_Aminoff_(1860%E2%80%931914)
i-7Zm9aeNVo34bpWApDSSkmX,/wiki/Alexander_Aminoff_(valtiop%C3%A4iv%C3%A4mies)
i-G7hzwEaQa2dTy17bhDocu2,/wiki/Carl_Eugen_Armfelt
i-CsCxdQ9CvKUh2iT7axN5Jf,/wiki/Adolf_Edvard_Bj%C3%B6rkenheim
i-CmRgA6fB7vmvVAhfT14CUq,/wiki/Robert_Severin_af_Bj%C3%B6rksten
i-BMoWT8Xrb6F9Sd1pAiEukD,/wiki/Theodor_Frithiof_Bl%C3%A5field
i-NtosEyycMypJu45DLSKt8a,/wiki/Rolf_Boije
i-Dyoum1uqVHJc4aBfw4FSSa,/wiki/Clas_von_Collan
i-8gwhDmAZHjAqSM8hKie1jm,/wiki/Carl_Gustaf_Wilhelm_von_Christierson
i-PL2Bg7AL4FXe6jqQmTycGd,/wiki/Alexander_Ethol%C3%A9n
i-XVwe7aSZ67FF9bsR45srHv,/wiki/George_Granfelt
i-ANUxojotq7DijYTTSvqBif,/wiki/Sebastian_Gripenberg
i-uD1joERTReE2GhVvugpy1,/wiki/G%C3%B6sta_Grotenfelt
i-SzsXtoTJnMbV9EcXuXLoAy,/wiki/Carl_August_Gabriel_von_Haartman
i-1764P2Vnu3yRnSonnYBdyo,/wiki/Alfred_Hackman
i-X1exK7m1EkUm3uWpKK6nBG,/wiki/Bernhard_Anton_Harald_Indrenius
i-T1J3nBEQ2dbgwg4zHwkNeU,/wiki/Reinhold_Ernst_Petter_J%C3%A4gerhorn
i-JLC5S9cjvqGEQKtzrdZx6o,/wiki/Krister_Robert_Otto_Edgar_J%C3%A4gerski%C3%B6ld
i-RWAcu32ZUF2YvpkQeJcFND,/wiki/Arvid_J%C3%A4rnefelt
i-7WN4oA9QrB6HTtmiqA8Wao,/wiki/Carl_von_Knorring
i-JKVAucqD9tvQTcqDpsb4wn,/wiki/Emil_Fabian_Mauritz_von_Kothen
i-6QaodWBmrEpquzk5z6vnMq,/wiki/August_Carl_Adam_Lagermarck
i-KqWScvn4zdPpH9UqTYKQ8U,/wiki/Ernst_Lagus
i-VjoMm7nnMwaZ8DuJw2CtUT,/wiki/Hjalmar_Linder
i-QYHzVDBkaHwTabbuxDayFN,/wiki/Carl_Mannerheim_(pankinjohtaja)
i-QPoFfjW9PNsnWHP2wwCzA3,/wiki/Henrik_Josef_Gustaf_Mechelin
i-VN2FCbotgRvTpDEDEy7Djt,/wiki/Johan_Robert_Hugo_Nordenswan
i-YC9dT5MWGq8kuvyWVcgdax,/wiki/Georg_Kristian_Oker-Blom
i-BtZVosHd2uL9vUhLKvDuFK,/wiki/K._E._Palm%C3%A9n
i-3v2ZSphddKdKS1nPB6bQgG,/wiki/Gustaf_Adolf_von_Rehausen
i-7tpmaTpqfQz64F9tV4rJwK,/wiki/Johannes_Eberhard_von_Schantz
i-JRT7uq362xVDYXbB8aKrMc,/wiki/Berndt_Gustaf_Knut_Bj%C3%B6rn_Waldemar_Schauman
i-DZJtkrPfWZvk4Ap77q2uxp,/wiki/Hjalmar_Frithiof_Segercrantz
i-3Lihrx5B9cVVqhbadcPAMV,/wiki/Johan_Viktor_Segerstr%C3%A5le
i-KJPD38Pv4xHNi9xwhTpE6v,/wiki/Axel_Johan_Alfons_Sp%C3%A5re
i-DJYAsvPi1ZhTVooPhbrAZK,/wiki/Rafael_Sp%C3%A5re
i-NcxEYLNAvK4g34toLZ9Xmy,/wiki/Hjalmar_Fridolf_Samuel_von_Troil
i-XX58iVNbTSnEH8rizgTM7j,/wiki/Adolf_T%C3%B6rngren_(nuorempi)
i-Mv8LxUWcA6ScC4mGxxYUCF,/wiki/Carl_Alfred_Uggla
i-9cNGjk8nmAZ5wckaFxZGFJ,/wiki/N._R._af_Ursin
i-8eiri4PHVg6DyL9rvPpUig,/wiki/Axel_Wallensk%C3%B6ld
i-7SQ3hodNG3Z6hKJE5kVA7k,/wiki/Bj%C3%B6rn_Rudolf_Wasastjerna
i-3v3gbSH7mHSvBT2N9qxHtX,/wiki/Georg_von_Winther
i-ETQzEcgbBi4s4RJ7ZnfAwr,/wiki/Carolus_Wrede
i-FcbLaSzYMyza1vG8PnY8hk,/wiki/Casper_Wrede_(taidemaalari)
i-9MiqEpsW88NKxRdhD585EG,/wiki/Rabbe_Gustaf_Otto_Wrede
i-761jFp8QFs1K22nsTyPrT4,/wiki/August_Fellman
i-BThsfEh3vpoxkcnJ81XGHZ,/wiki/Juho_Heikki_Filppula
i-HjfmDsS4k6Zju4rc3Q8bpb,/wiki/Uno_Otto_Honka
i-fkH59Hy1xPdkBodmom78M,/wiki/Antti_Kananen
i-AYi31TTTpecT6X8KWsTfWs,/wiki/Anders_Keto
i-NwgjBH8eQNFcHLKVJ2kSzp,/wiki/Hiskias_Kirjalainen
i-Adw7hSqFhqRTF21aMdhwtq,/wiki/Juho_Koivisto_(valtiop%C3%A4iv%C3%A4mies)
i-FFza3odvoxhDmtbr4UiPFk,/wiki/Juho_Koivisto_(opettaja)
i-2wujEHH64hvykeQfmZCyz8,/wiki/Severus_Konkola_nuorempi
i-EuoJ16TMvdtrax3gfPLFLG,/wiki/Juhana_Konttinen
i-KZXidz1Yd5JGAVXfe6RfyA,/wiki/Heikki_Krook
i-TCwLfpuQKKUCxLk6FY1oaA,/wiki/Johannes_Lagus
i-Figg8qYJUVdtKgrJaCVJ3y,/wiki/Jarl_August_Reinhold_Lindberg
i-DohHxxmYQkejcHDFzK8Xi2,/wiki/Erik_Mattlar
i-VufcVdAFzHbWaez389tPVQ,/wiki/Karl_Anshelm_Packal%C3%A9n
i-RxDaXQCkTN5K77BYobYMRs,/wiki/Fredrik_Paksuniemi
i-9YnqBLMGaHBapiMMXa6o2H,/wiki/Juho_Pitk%C3%A4nen
i-LauGkBXyoLDjzoszXZ721Q,/wiki/Antti_Juho_Pulkkinen
i-F3aUsRbXiCkZyhMHWkHLbZ,/wiki/Antti_Punttala
i-J3fSiozzccqG1AT1cQ8Aae,/wiki/Berndt_Magnus_Reinius
i-Ca2QuiRDT4tckhMQkbSfi1,/wiki/Ernst_Roini
i-2j5uWs1Zs2SyeviLwx93NE,/wiki/Sipro_Ry%C3%B6s%C3%A4
i-9qPvWq1wFGkiUncHLpBr6R,/wiki/Juho_Siiril%C3%A4
i-M6mbjgtYJJWYAYtdGYN5yy,/wiki/Erik_Johan_Str%C3%A5hle_(nuorempi)
i-XwurehdUZDZDpgpsfFXQzw,/wiki/Vilho_Vitikkala
i-7QPrpvHfP6MLkqYeqHy5Gv,/wiki/Johannes_B%C3%A4ck
i-7x5gXVj79xJqm8cJn4jspv,/wiki/Henrik_Eliel_Wegelius
i-QNhMBum6ExbBrKvo7ygXjB,/wiki/Karl_Wil%C3%A9n
i-7uhhayYnnRhw5eHnoRhghn,/wiki/Elis_Bergroth
i-8GeeAGsycDjjsoq9W6d6Tc,/wiki/Karl_August_Schroderus
i-CBdpqVDCbhmGYHAKYVJWxE,/wiki/Henrik_Piipponen
i-KXaaRpC72pNJUchqW1VYda,/wiki/Henrik_Melander
i-3ar8iPZ5CiM9KjHkxDUWKL,/wiki/Ernst_Jakob_Waldemar_Bonsdorff
i-7suAnQ1yk1z5uZ9tjGZ7cu,/wiki/Arvid_Genetz
i-Q6qBz6peRTuLmwUG9fGTUi,/wiki/Frans_Alfrid_Aejmelaeus
i-uaf9jg3i5ZVHXz8W9JcaM,/wiki/Akseli_Andersson
i-tmNmmQ5iKubJrqgCeZYdn,/wiki/Kaarlo_Castr%C3%A9n
i-FiibtiyGJPryBr7nBGLj5b,/wiki/Axel_Cronvall
i-4prFPBEjPh1Dck1Z3hBCHK,/wiki/Konrad_Dahlstr%C3%B6m
i-5PcgiwA1qrtSSB6nygYn7e,/wiki/Rudolf_Erenius
i-7r2DHZ8fkniPeRQbBRGNbv,/wiki/Eero_Erkko
i-2JpLXsMwopWLZqb1nASqEs,/wiki/Atle_Genetz
i-EkuqrxiDLYkN7w8kVEcEKx,/wiki/Axel_Holmberg
i-9hHPWbbtgznfxec4dGcfyM,/wiki/Gustaf_Rudolf_Idman
i-DV5KHjXrAZsvXFDWwDKJxa,/wiki/Uno_Kurt%C3%A9n
i-LuXf1BCe2pSWk9pv4PMhNL,/wiki/Akseli_Listo
i-PVaivFSAuPU2ijJgx7Qfen,/wiki/Mikael_Lind%C3%A9n
i-5Bat5uesTmUGyXukdGyWYK,/wiki/Albin_L%C3%B6nnbeck
i-VkuiHGgLJdSKNMjCERptXT,/wiki/Frans_Henrik_Malin
i-3DCQUuckGm7CmAsdTRYLPZ,/wiki/Frans_Oskar_M%C3%B6ller
i-WHeNLun3hZkxgSCF9XBKKL,/wiki/August_Nybergh
i-82D95bTd5ouR2R7mb688Ah,/wiki/Erik_Johan_Sav%C3%B3n
i-dUJ9Gu38LQ6ZmTrMYYQ6m,/wiki/Theodor_Schwindt
i-TtTfn6AZ2VRQkxNw2hsBsT,/wiki/Karl_August_Snellman
i-F9qTUwqs1ymrnF4gMnMsBr,/wiki/Arthur_Sommer
i-PSCkTqovb3Rb4FfC2FAyU7,/wiki/Fredrik_Stenstr%C3%B6m
i-6JMZzaoy2STkFfwYc6v1gJ,/wiki/Albert_Stigzelius
i-4aPM48yGQ361iaSozbN2rM,/wiki/Theodor_Wegelius
i-Quofg7cvFSNhUVrVFqCsCJ,/wiki/Kalle_Viljakainen
i-EPiSDHWvRjVpP9ZBHuoPLi,/wiki/Knut_Gustaf_%C3%85kesson
i-4c9Asm14jsJHGA4VeKgxVc,/wiki/Carl_Alexander_Armfelt
i-Jb1piYueDy1c7zSurU9JhS,/wiki/Carl_August_Reinhold_Lars_Armfelt
i-Qp7sJuXneZjAk13ibBY1Fi,/wiki/G%C3%B6sta_Bj%C3%B6rkenheim
i-NZKAm3ErTL9hjBC4SPLuqU,/wiki/Adolf_von_Bonsdorff
i-KuoWWMCGcGasD8NaD69C4c,/wiki/Johan_Wilhelm_Brummer
i-Eoh6go1r2gZUEHoWkD2wZf,/wiki/Tor_Carpelan
i-MQLhdYxVRGzFNC1bGzR64p,/wiki/Carl_August_Wilhelm_Cederholm
i-KX5eghvP7SMb85LhbRmnGV,/wiki/Axel_de_la_Chapelle
i-2FYsCmQMwS68T3RySi3Mpc,/wiki/Alexander_von_Collan_(nuorempi)
i-W2pfNtUzJWuFavRakcdU7X,/wiki/Gustaf_Filip_Creutz_(tilanomistaja)
i-LgZQWS4zG1x9kqYzpyaYDt,/wiki/Alexander_Sebastian_Ehrnrooth
i-PyyELpiiVyvdj4dMGXBMfd,/wiki/Axel_Ehrnrooth
i-YVQKzLah672iDR8XteMqnh,/wiki/Edvard_Ananias_af_Forselles
i-Wfy38pQM86JQxSkMjXDHU1,/wiki/Knut_Gustaf_Victor_Furuhjelm
i-49wxrLYQpVUaP1HQGn1g3p,/wiki/Alexander_Gadolin
i-61Jz1Z6FGtCX4vUxYn1Rwh,/wiki/Karl_August_Magnus_Henrik_Granfelt
i-Gvbqi1rEyeoC3MYzScNFvG,/wiki/Robert_Johan_Gustaf_Gripenberg
i-7mVSinwDyPtE8zhFEJep7x,/wiki/Arvi_Grotenfelt
i-ThLyS2PmaP8M3K7ALK22pq,/wiki/Oskar_Hackman
i-G8yreya82bfWU9dcq1F8hx,/wiki/Harald_August_af_Hell%C3%A9n
i-7ayx42GEfCQ4FXf5XqnXHe,/wiki/Oskar_von_Hellens
i-F93JWBjLggDZB1c6SHCsfb,/wiki/Valde_Hirvikanta
i-FCru9fHyaNuhdvNj3ZMWok,/wiki/Gustaf_Emil_af_H%C3%A4llstr%C3%B6m
i-Dcjy8t7dMSXCDTPkfuVXgT,/wiki/Ludvig_Hisinger-J%C3%A4gerski%C3%B6ld
i-LqM36pAFwGPynJAx9z9oy9,/wiki/Eero_J%C3%A4rnefelt
i-PSxzUhNbXQgjwkYXdXsr9W,/wiki/Frans_Axel_Herman_von_Knorring
i-Uph3GH5rF8JZ5oRFmsKPyJ,/wiki/Walter_von_Konow
i-YMJd2SaD9XHRrshNNdMA7Y,/wiki/Robert_von_Kraemer
i-AY3QyG2gGZEVpLWyHUrhbG,/wiki/Elis_Gustaf_Ferdinand_Kuhlefelt
i-DJayEMtESDA9vaivmbihCb,/wiki/Matts_von_Nandelstadh
i-9h6okN8c4Eaw2Pw3PKzSBY,/wiki/Wilhelm_Pipping
i-AB24JHsfZmbjgiaW1jhHpr,/wiki/G%C3%B6sta_August_Sackleen
i-XGkmxbZJdVrXVST7BkBm6v,/wiki/Berndt_Adam_Emil_von_Schantz
i-7RZX2rBfyVw8kirWSuwLb2,/wiki/Gustaf_Karl_Kullervo_von_Schoultz
i-Aw4gJLPj64MCzSUx8SpjWN,/wiki/J._G._von_Schrowe
i-D2acnqebDyDVJURxAjB9gQ,/wiki/Allan_Schulman
i-YBDQhZHegxy7S5wNs9ya1e,/wiki/Arvid_Michael_af_Schult%C3%A9n
i-D6jqe532xJggDLmgRRL1jE,/wiki/August_Benjamin_af_Schult%C3%A9n
i-51zRZGqytYdTUQd2T7oRuC,/wiki/P._E._Svinhufvud
i-Ak7N9dsY58qdazSR8az2qg,/wiki/Wilhelm_Thesleff
i-UUyeSq5XfWnP8CiHSxbY85,/wiki/John_Axel_Henrik_Wahren
i-E78gPFT49CGaUAXe7cfk88,/wiki/Karl_Magnus_Mikael_Walleen
i-RRrbfpAgX7PwDQKMpoJV2G,/wiki/Knut_Wasastjerna
i-5HpoQg2YEKJzerzk9nBsRS,/wiki/Osvald_Wasastjerna
i-Coo61MAWDWCSEhiPZdqNyd,/wiki/Uno_Alfons_Wasastjerna
i-6brmcd3QS7d2LaCGMdAQFt,/wiki/Georg_Herman_August_W%C3%A4rnhjelm
i-52AMUE3Zsum7wtpfzxbgfs,/wiki/Lauri_Yrj%C3%B6-Koskinen
i-GT6FgM35BjNdFMXCWWyyuA,/wiki/Pekka_Ahmavaara
i-ENMjRvMTmj4y4ZKemGmPRi,/wiki/Frans_Ekqvist
i-ABctK3KggnFuTKUoTXHBqy,/wiki/Carl_Gustaf_Fredriksson
i-6iTPdkYY4AY8UDvNKyak3d,/wiki/Jaakko_Hirvel%C3%A4
i-Lget5LPYWHPvRtBPXGq6gH,/wiki/Kaarle_Juho_H%C3%A4kk%C3%A4nen
i-Lr5AdF1qhHs7ZqC317dwPC,/wiki/Heikki_Kansanen
i-TZBstz6GvAASyzwu3ZCkyU,/wiki/Kaarle_Konsti
i-RSUNuRBeN9QEuyvaqF6vTD,/wiki/Karl_Gustaf_Lagerstr%C3%B6m
i-JPgqwrJYXYk9RJAGN3E3U7,/wiki/Henrik_Johan_Malmgren
i-4EJpVLBVq7qJcHfe9xgeMh,/wiki/Jakob_N%C3%A4s
i-VERhf75LTeyuyLzkXYFc3J,/wiki/Kalle_Oittinen
i-JV9GcFpgHeXSPNGcRYrcPP,/wiki/Karl_Viktor_Paasivirta
i-Jr5yhF57YXXUeEBRX4X7ry,/wiki/Vilho_Penttil%C3%A4_(valtiop%C3%A4iv%C3%A4mies)
i-6FpU4tS1g54mE21oZxEp2a,/wiki/August_Perho
i-MbQvVcF8hxDj9Gh7nNodQi,/wiki/Heikki_Poutanen_(valtiop%C3%A4iv%C3%A4mies)
i-985PEcYLDmXuyQ4trfxpn,/wiki/Antti_Pullinen
i-XY2Wg46nSUfV1fKXgzWdbZ,/wiki/Kustaa_Ruhanen
i-SbofGedkQmSvXcY3kuYV13,/wiki/Johan_Starcke
i-BZcWSDvtNyyk6RFdnt8wYX,/wiki/Johan_Axel_Tammelander
i-8Nqw1ci2HJgHqGKyao4gz6,/wiki/Juho_Torppa
i-FUnhftNVyCFbh9ftx4agbz,/wiki/Juho_Zitting
i-58p2yq1prpUmoBHrSj7Haf,/wiki/Karl_Oskar_Fontell
i-76wvRLqhqAr39bzB2aNLry,/wiki/G._A._Heman
i-mDkXzDtc1sbficmtdJof2,/wiki/Johannes_Ilmanen
i-669G58xkbnpQCsVJmoyWfs,/wiki/Julius_Immanuel_Gummerus
i-J6zP3X9ccdcPDSdoJRRzLX,/wiki/Aleksander_Auvinen
i-WmCgR2ofpyD2aLZYfNf7f7,/wiki/Gustaf_Petterson
i-XfE5nFNMTw34PVMQsqSvFb,/wiki/Adiel_Bergroth
i-FeaexDXFvKCbfhp6jTXNbe,/wiki/Knut_Fredrik_Durchman
i-E842CxwFnJfAsu59UCBbji,/wiki/T._J._Boisman
i-T1yiXmDGyDLcG1pnW8cW3f,/wiki/Petter_Adolf_Brofeldt
i-MBAhp3QGsu4xyQ6tjvHiC7,/wiki/Theodor_Leopold_Eck
i-WvyDUpkmCVdzKarM1fgrCN,/wiki/Frans_Viktor_Eriksson
i-6G9DjpxbMbfYHpZqppkoPx,/wiki/Arvid_Thorsten_Birger_Genetz
i-9T67JZDMoYXjzwrS37CBea,/wiki/Hjalmar_Johan_Gabriel_Grahn
i-HbssPjwFZEsothhGDbLv7,/wiki/Fredrik_Edvard_Gr%C3%B6nroos
i-Tyx5Yj2Vx6u9mvdwtU9AKF,/wiki/August_Hjelt
i-3hQah5EqNFdwtunyrvFwuo,/wiki/Johan_Arvid_Hjorth
i-49ShqpNVqE9Mj1PyubtqSe,/wiki/Carl_Emil_Holmberg
i-9EfV4uzcskNg6eMDJmJWxf,/wiki/August_Artur_Jus%C3%A9lius
i-Nxfsn5PHzYhH2DmBcoNnAc,/wiki/Fritz_Arthur_Jus%C3%A9lius
i-QCMogBudzNTMKFVRyUTu7u,/wiki/Johan_Fredrik_Kerttula
i-VUPS4htBc7spKyCvDEph4z,/wiki/Kustaa_Killinen
i-EtfZRTD4CYaExbGTg6UBjx,/wiki/Pekka_Komonen
i-DpU7gVJYPRauQkC2oTYNZa,/wiki/Ivar_Alexander_Kyander
i-XwfoiidAgTCtgCj7Rif9di,/wiki/Jakob_Axel_Levonius
i-Ni7ZXhkyXJkTLKyP27EfJg,/wiki/Albert_Lindh
i-QwYQDZHC3TqUfTjTHbxuTf,/wiki/Johan_Leonhard_Pentzin
i-DoEwtusnqteK8Q8mNd1ztC,/wiki/Konrad_ReijoWaara
i-UVK5tE8K7bZTUBx3RcNPr9,/wiki/Lorenzo_Runeberg
i-RUfth79dYLH42WsVVpJ1J6,/wiki/Felix_Saarikoski
i-Jx18MvGDAsWpLispqXsDvN,/wiki/Aleksander_Sikio
i-2PANodj2adQVJutav5GHPK,/wiki/Daniel_Woldemar_%C3%85kerman
i-2TmKiLYSqwWZHXSS1TZEeE,/wiki/Herman_Adlercreutz_(valtiop%C3%A4iv%C3%A4mies)
i-MujcqCg7h5ho8MapFbhqsZ,/wiki/Birger_Fredrik_af_Bj%C3%B6rkesten
i-2VhaeA75HNF4Pr6FXDXgtW,/wiki/Otto_Johan_Bl%C3%A5field
i-SPwXEDwrmRhThsKjhJmzBQ,/wiki/Valfrid_August_Vilhelm_Bl%C3%A5field
i-S4N4b2keBxeCJJKy8Ryks3,/wiki/Arne_Cederholm
i-GQv8Naq61LAD3azXZwqehT,/wiki/Albert_Henrik_de_la_Chapelle
i-WaH1WaJMCBdN1Bjkr3fv3n,/wiki/Carl_Osvald_de_la_Chapelle
i-QvFYn2SbCevwzepahRX1Eo,/wiki/Axel_Fredrik_Charpentier
i-Svni6aX5bhGV2ryvepBXto,"/wiki/Georg_Ehrnrooth_(vuorineuvos,_1866%E2%80%931935)"
i-6f9w8zr5djLvQDUEsC1Hgm,/wiki/Gustaf_Eckhard_Maximilian_af_Enehjelm
i-Xf4P3uUdXEXzZV8Cv8qecp,/wiki/Ernst_Estlander
i-BgRe1Jf11YU2kCDyNdfQZu,/wiki/Otto_Alfred_von_Fieandt
i-Rp2PztPk5dnCsvQTKH2P2F,/wiki/Arthur_af_Forselles
i-2dJVDxi9P9zCeZYiTSy5zw,/wiki/Arthur_William_Forsman
i-GMfCWWEUuVeJEHKYgMeo6H,/wiki/Charles_Emil_af_Frosterus
i-9scE8GLLDQjMZAp1w2Xbym,/wiki/Arvid_Grotenfelt
i-SKPZwEKXE7hX71KKJrTCDN,/wiki/Johannes_von_Haartman
i-A2GaSvBy1gWZzs8Xge9ifx,/wiki/Hugo_Oskar_Alexander_Magnus_von_Heideman
i-4EsxkwwngyfaYkKgEVEGwM,/wiki/Harald_Wilhelm_von_Hellens
i-Rj2c8ipnAPEZ4wgVvsAFh2,/wiki/Alexander_Wilhelm_af_Heurlin
i-XYgDi34sFxHoNKXEProGwu,/wiki/Ernst_af_H%C3%A4llstr%C3%B6m
i-4SWFcm9V5VnDnxkzpCaPXy,/wiki/Georg_Emil_Lindsay_von_Julin
i-JXJu1gWaQyBLga9dujyF2Y,/wiki/Carl_Georg_J%C3%A4gerhorn
i-4w4SCjpMTsS82yHL1Xu8jJ,/wiki/Armas_Gideon_J%C3%A4rnefelt
i-Csh2t8e4vQFJ5jd4fGxQUH,/wiki/Tauno_J%C3%A4rnefelt
i-Bzs7yrrw7GC9b8QUnmsx8D,/wiki/Jalo_J%C3%A4rnefelt
i-BZAwKB57hxWAxUW9igVcyV,/wiki/Adolf_Ferdinand_von_Konow
i-AqNCzZorQgts4d814jQzws,/wiki/Magnus_Mikael_von_Kothen
i-EofzZMtc7bHkYrk1DMbcJM,/wiki/Uno_Lindel%C3%B6f
i-HnTvUq9KxeheQ7d8MXETyv,/wiki/Torsten_Fredrik_Zacharias_Nordenswan
i-La7UQC3cRq7vS9HSMAPZiz,/wiki/Hugo_Pipping_(kielitieteilij%C3%A4)
i-XBaXvYuZryRzUve3CsdBVd,/wiki/Jost_Wilhelm_Hugo_von_Qvanten
i-F41ncMNAehsDceiFfh8xWG,/wiki/Archibald_Viktor_Ramsay
i-F1sBJexePgLzems1trqV2A,/wiki/Arvid_Sanmark
i-YRUSTMTKkQzsZr3qcQikQb,/wiki/Georg_Schauman
i-Ksviw3T6GsJxfgx6Ggd119,/wiki/Osma_Alfred_Schildt
i-Bw6JVg4K4gVgwPuaUH4W9g,/wiki/Karl_Max_Werner_Schulman
i-Xt4UNfzoEXAEeMRiq8woYr,/wiki/Onni_Tawaststjerna
i-TarLwptG7R8SF5pg2iR5pV,/wiki/Eynar_Thesleff
i-8mvPui7iCgMuPDkVv3FBCd,/wiki/Wilhelm_Thesleff_(insin%C3%B6%C3%B6ri)
i-MPFwM3Xim9Zw7dhhTecn4W,/wiki/Birger_von_Troil
i-Dz5hAwJyDWqRCY5HYongt,/wiki/John_Rafael_Uggla
i-NqCyztYxbvpx95V4SwQ6nX,/wiki/Ivar_August_Wahren
i-WdzgZrDyFkeshj849nXyrU,/wiki/Axel_Edvard_Wasastjerna
i-GR25tN5vpHqsQL2THp5BzR,/wiki/Erik_Adolf_von_Willebrand
i-HgqPynBUu2U3dYH95SV9vJ,/wiki/Carl_Ernst_Wrede
i-E2D75NaHBPSAb5t7WahXsr,/wiki/Eino_Sakari_Yrj%C3%B6-Koskinen
i-7MRs7cG8FJFsYgLLz5KXpv,/wiki/Pekka_Ahokas
i-6bp2LCwyEMQVzYLoeWF2Bh,/wiki/Iisakki_Arvo
i-C3tFZeQMtsSkn3VQAU4bJr,/wiki/Juho_Palomaa
i-Vh1dqy2xKpjHzkQPmypXH2,/wiki/John_Flygare
i-EJXZVq6RKfRKkTZvTFPA2w,/wiki/Juho_Haanp%C3%A4%C3%A4
i-W94aUY8NPZQ7m8XGzCsgvN,/wiki/Yrjö_Halonen
i-7KrXmr4tdja7Jebn558nct,/wiki/Juho_Jalkanen
i-TGqE1UqnA73NvW2YYgmMf3,/wiki/Lauri_Vilho_Laitinen
i-YakdGNJeLBHm2ViyB8fUpr,/wiki/Pekka_Lepp%C3%A4nen_(nuorsuomalainen_poliitikko)
i-PKPe2Nyabt6ctrsa6d5cFL,/wiki/Kalle_Myllyl%C3%A4
i-BSfxELZs3g9kkgrVdbhP6j,/wiki/Pekka_Kankaanrinta
i-Fnc3xqQ6Yw1weZo5vTRsDX,/wiki/Juho_Pietil%C3%A4inen
i-17htpZDs17EUXFq4uXyrgb,/wiki/Brynolf_Roiha
i-LENzLHnC9MzYZ4becot1Yi,/wiki/Matti_Rossi_(valtiop%C3%A4iv%C3%A4mies)
i-GZK5EtQ9raxhJ5fcGEcbgj,/wiki/Juho_Sormunen
i-NRTTLGWR9xV953dyx3Cmix,/wiki/Tuomas_Suokas
i-AE5UX4C5hvz1dFN1ErAFEX,/wiki/Gustaf_Adolf_Heman
i-HXHqd4QRn3AfHgeruW7D3w,/wiki/J._W._Wartiainen
i-D1FsfDBmNqCrFh66jtDHKq,/wiki/Edvard_Hannula
i-XMfzYUgiZP2sqpyvq3GsZR,/wiki/Wilhelm_Kaitila
i-SaCnJmAftzcnG2e8XYGcL9,/wiki/Robert_Hermanson
i-QMgGCwPHvJ4CXVz7N7KJek,/wiki/Ivar_Rudolf_Forsman
i-BzeGNjerrfRj5hBnkJBnu1,/wiki/A._O._Wuorimaa
i-9AK7dPWyjYhWexSMJvpbu8,/wiki/Jaakko_P%C3%A4iv%C3%A4rinta
i-EqzRL2mm1ffjLRp6RzH1bh,/wiki/Viktor_Konsin
i-D6Mi4GWWJsTvqGyurVJi26,/wiki/Fredrik_Hellman
i-Vc7wHXXgr84Kd9xt5RJJfQ,/wiki/Wilhelmi_Malmivaara
i-88xomuoxptTm5PMhHSyv7n,/wiki/Sakari_Westerlund
i-KfXYoPpMWP1s6ooNkxKCr5,/wiki/Alarik_Achr%C3%A9n
i-8nkrbX44tFwdeyta5p3M66,/wiki/Axel_Gr%C3%B6nlund
i-JPKMUNXGToiyyGFt7J2Knp,/wiki/Alfred_Jacobsson
i-JwZs6TyeLcz34Vcak5vDpF,/wiki/Johan_Henrik_Liljeroos
i-UWUL9KSiGnCtXiXG4xP4QR,/wiki/Juho_Aatami_Pelkonen
i-LDGNo6A9qwe5v3RvKjqA32,/wiki/Ivan_Alexander_Aminoff
i-HCWC285KxJjLLZWfEkFpEp,/wiki/Edvard_Bergenheim_(tilanomistaja)
i-2hVtHyiXzrjWbhZkz9yYBn,/wiki/Axel_Robert_von_Bonsdorff
i-AeAKY6FRuKvjWSGR8TKYMW,/wiki/Gabriel_Benjamin_Cronstedt
i-XnKoEQBc4zdFKSgpu8qY14,/wiki/Ernst_Ehrnrooth
i-UTbwd4tWVQkh41NUq7MAT8,/wiki/Kurt_af_Enehielm
i-PymBN8Lia6PetBUJoeuz2t,/wiki/Georg_Mauritz_von_Essen
i-3XKSNQXdti9jfHeuCR5iY4,/wiki/Carl_Georg_Estlander
i-HDS4uGheZUgKFGSypVuhj7,/wiki/Elis_Campbell_Nicolas_Furuhjelm
i-Ch447cysQKzmWCS8pD5SXN,/wiki/Johan_Wladimir_Furuhjelm
i-WkhLF7apn5pbUJ4sLuNjnS,/wiki/Reinhold_Ernst_Petter_Jägerhorn
i-Uj41pyUbRiSWZy1yUqFnWq,/wiki/Alexis_von_Kr%C3%A6mer
i-W97admngEZmB9PfMzhcTXo,/wiki/Gustaf_Axel_von_Kothen
i-BVXDm1b3RxFthPv2nGio2h,/wiki/Knut_Johan_Robert_Lagus
i-EmUBxcMYc8BmU1uL3QdD4q,/wiki/Hjalmar_Oker-Blom
i-9dEtecWrB9KpuBkeP6YcXk,/wiki/Max_Oker-Blom
i-65m2FMYgRq819LH5pjixSR,/wiki/Wilhelm_Ramsay
i-QnztxA9UA85K7Pcdod4AWL,/wiki/Fredric_von_Rettig
i-PNmHnqPyRhVYDfz1Hy5FYA,/wiki/Karl_Hjalmar_Rosenbr%C3%B6ijer
i-8hkRHnwtDoBWMBMtRn1gNb,/wiki/Ossian_Schauman
i-5RucDd1MZYJPEREpx2wcm7,/wiki/Carl_von_Schoultz
i-XFG5NboAzDmbDVSakg6Foh,/wiki/Knut_Albert_Segerstr%C3%A5le
i-DeNANhJFvif9NVw93xfYiN,/wiki/Gustaf_Adolf_Silfverhjelm
i-4daXyaPb4SkVP2g2ReEmWL,/wiki/Gustaf_Emil_Alfons_Sp%C3%A5re
i-XSfL81tGKVdgNb1sbowcRU,/wiki/Henrik_Ludvig_Alfred_Stjernvall
i-AgcEUG25XRCYwbKjGUqhAY,/wiki/Nikolai_Thesleff
i-4AGuGd38hf4KespK8MYj27,/wiki/James_Mauritz_Tigerstedt
i-FTpJmcFyji4ABCWHY7yDso,/wiki/Eric_von_Troil
i-WDz4vEw2eWZxfr4fnr3ev8,/wiki/Walter_Werner_Axel_von_Troil
i-Kb8kygLcTxaqvRSfa3xqV4,/wiki/Evert_Viktor_Wasastjerna
i-W9WfZerRzSkwj8v7EYcDVd,/wiki/Arthur_von_Weissenberg
i-YUNWAdcZxwK6EPoTDU2LM9,/wiki/Reinhold_Alexander_von_Willebrand
i-5EWQY4MzankacfQX5u2dhf,/wiki/August_Henrik_Uno_Wrede
i-Mp9K29oMoRuFXcdAb1nz2G,/wiki/Werner_August_%C3%96rn
i-TRJUkgdtqj8YafcHWiunC8,/wiki/Kaarlo_Ekberg
i-BErd1xbD4tu5tZsqSXAGg3,/wiki/Kustavi_Elovaara
i-43CbwtzFU9fvE1ZC4NayXe,/wiki/Karl_Konstantin_Fieandt
i-7tBzcdop95Z1XrJKrUj55e,/wiki/Yrj%C3%B6_Halonen
i-2J1cFCU1ntRSDLK69LyixZ,/wiki/Vihtori_Hosio
i-HAkXw2e7ETu7AUjeewEWfr,/wiki/Nestor_Huoponen
i-9bXKRcbNZcEMCDoY2xG6Cc,/wiki/Kalle_Juvonen
i-BiLJE3xxrrRCyZeZCQjHcJ,/wiki/Paavo_Kasurinen
i-BmATyXPFLNiu7CPo7Haome,/wiki/Aleksanteri_Kilpi%C3%A4inen
i-8eQY6NvFD14t75dYaVoyx,/wiki/Juhana_Koponen
i-VprBVce4soGLYgngLSjo1p,/wiki/William_Koskelin
i-Wmc4io5AhKpixJuNytdtVe,/wiki/Martti_Kykkling
i-A3iNU74qwgCMgUUvCNEK5W,/wiki/Oskari_Laine
i-NCkfpUwoqABjXwqK5aXbJ7,/wiki/Mikko_Lampinen_(valtiop%C3%A4iv%C3%A4mies)
i-VgXbiJ1DeKP1NgamtWyuHV,/wiki/Johan_Niinel%C3%A4
i-T6iwtdGymhfhiK1c7VMUXe,/wiki/Juho_Pere
i-uXjb9J171HfAGASs8vqS9,/wiki/Claes_Johan_Stenroth
i-NbLP2Nt1pfin8JxryLMYRd,/wiki/Heikki_Toijala
i-Kd8zusWUpTsYTGb1YUR4He,/wiki/Aappo_Walta
i-FYbSvFu4rVek9C99uESHpF,/wiki/Aleksanteri_Vihonen
i-5JD6dgJt9dQKHWWoMp7Z8f,/wiki/Fredrik_Naukl%C3%A9r
i-JtwzCWzfXqxrEiL7KTkrfY,/wiki/Vilhelm_Rosenqvist
i-8KUwA5NWBtL5TRcnFSuPTv,/wiki/Onni_Hallsten
i-XiSYQEjNzcBCDTizmuknEB,/wiki/Oskar_Hainari
i-HnA4L1LyxqEtV2ftM8MCTj,/wiki/Antti_Helander
i-B25euU6eTmVWcf2VC3ZBV6,/wiki/Knut_Anthoni
i-3pBxWmein6Pp5EyVZ5sWeC,/wiki/Johan_Fredrik_Barck
i-6DQ2gWnq9MWyAb4m57Z2yL,/wiki/Gabriel_Wilhelm_Cadenius
i-VHc9ZxmKrE7rcDAopm7C9X,/wiki/Lars_Karl_Krogius
i-rKkrw4Py91gKgDuj9u3Vu,/wiki/Arthur_Lagerl%C3%B6f
i-KkSs43d2DnQxGC62RUjkF1,/wiki/G%C3%B6sta_Lindblom
i-EYejvEUqeCVaatuY2xfRCa,/wiki/Johan_Fredrik_Lundenius
i-Lh2ZkUZd9AHu99nWtfbihe,/wiki/Gustaf_Edvard_Mattson
i-YaJc7TK6KSJr3uwv6p5AgR,/wiki/Arvid_Neovius
i-HfV2z1pgrdiYTpNNDCAW2e,/wiki/Hj._Nortamo
i-PJNZ42wbWSKxA8Fx3hejJx,/wiki/Herman_Roschier
i-Trxigum19383HjWaEM7WN1,/wiki/Johan_Wilhelm_Samberg
i-4TRQBc1LrNtRR6LsG2cKFz,/wiki/Erik_Wilhelm_Sav%C3%B3n
i-SrGiafTSdSwpad4RB612Eg,/wiki/Henrik_Solin
i-KCCsfGqPw6fxcvH1WdRibJ,/wiki/August_Emil_Konstantin_T%C3%B6tterman
i-JLVEWZVW7vdzY5LFjxXNt5,/wiki/Zachris_Valmari
i-FYjmCyuWucvpTGy2QzWpoP,/wiki/Eugen_Wolff
i-PzVQ4YLaWeM7pNS6Ys5uUd,/wiki/Gustaf_Ivar_Bl%C3%A5field
i-QVeVTFe56BkTfwnYuwAieL,/wiki/Hjalmar_von_Bonsdorff
i-GqbRjbz9VGGWeqAzt5MnHd,/wiki/Thorsten_Brakel
i-6wcYti4M8dnHXbFDVXC9t9,/wiki/Alexander_Kasimir_Ehrnrooth
i-DTCBRT9AaMKs7eLkCRmGkS,/wiki/Arthur_Reinhold_von_Essen
i-C6EPxSGo8zoNw6eBd9AeNi,/wiki/Tor_Nils_Adolf_Grotenfelt
i-8hwWSt9hLLAoqdEmjNSi6k,/wiki/Victor_Hackman
i-PQT9K9ugXfybjCdmJX2bbf,/wiki/Maunu_Ossian_af_Heurlin
i-RemteiT7sCE4ug9DvwUUZU,/wiki/Ernst_Lindel%C3%B6f
i-7cbszYFhoGcqA6j9sAaTGK,/wiki/Berndt_Theodor_Munck
i-PekxKWsZ4bgFrbFj9LrEem,/wiki/Johannes_Wilhelm_von_Nandelstadh
i-EzXoZ2awDLVNmEs6w7GpNj,/wiki/Erik_Nordenski%C3%B6ld
i-Q95QFncTZFNWLCngcWrEbX,/wiki/Woldemar_Alfred_Ludvig_Rehbinder
i-3PE5fKCuiGvgujS7hty5ea,/wiki/Eric_von_Rettig
i-88mbe5FKDz8YjRfmAVcP1u,/wiki/Evert_Magnus_Ridderstad
i-DAwXJdCpLgLeKVYt7T9rqv,/wiki/Fredrik_Walter_Rosenlew
i-2GtDchQB42K4xYbTq87cVq,/wiki/Hugo_Rosenlew
i-GxyUSUbDKFfdHNFMFDJVDn,/wiki/Aatos_Schildt
i-J6f1ZajyjyZvcuocyejwtK,/wiki/Lilli_Wilhelm_Schildt
i-SdgbXNAKksp7Y4D1ExsyJV,/wiki/Oskar_von_Schoultz
i-KBFgvwgJvVUJQsXSYrfogH,/wiki/Karl_Snellman
i-NUn9oiVKe8AEJreEd28SPr,/wiki/Adolf_Ferdinand_Sp%C3%A5re
i-VL6tEmBdFX6K3RRRFJKTbB,/wiki/Fredrik_Hjalmar_Stackelberg
i-WDfrjo9XSDsQ5CApS6Kfxb,/wiki/Johan_Reinhold_Taube_nuorempi
i-SJiwEStodzYuHjM8tq7Dmg,/wiki/Fredrik_Kristoffer_Tawast
i-MFtm1KTTmksUypGZFKkvkP,/wiki/Arthur_Thesleff
i-NPH1o1xeorDHN3soPCbMv8,/wiki/Edvard_Tigerstedt
i-LvcfwaY7wAS1Kma1uB6ek3,/wiki/August_von_Willebrand
i-G57bpc4f6Fu1svLLXDpNcx,/wiki/Ferdinand_von_Wright_(poliitikko)
i-F8bLJJfdbZyEs3H1C5kMAw,/wiki/Edgar_Rafael_%C3%96rnhjelm
i-SCDfHvQhfbb3ozrfTxB2Ni,/wiki/Johan_Viktor_Hild%C3%A9n
i-7okXPeRPnEwup3QASuUY9C,/wiki/Otto_Edvard_K%C3%B6nni
i-4BwLroNj7rxcFTDmwY5kn2,/wiki/Juho_Heikki_Lauste
i-H5j7JEfNpcffScykfd1hcQ,/wiki/Oskar_Nissinen
i-ECLdY41T941BqZijUjxQun,/wiki/August_Samuel_Nordstr%C3%B6m
i-Sfn4EsStf31pPRaBmW4Hw5,/wiki/Arno_Reuter
i-R7XPbPqdwJug3bA6LutgV3,/wiki/Hugo_Richard_Sandberg
i-Uyib3B44zp4jbpLeobRbVt,/wiki/Frans_Tanner
i-LcQBzSAGk6cyBWQVg2HXQQ,/wiki/Karl_Troberg
i-T6nMGQg3XFKJ9h18Q337Aa,/wiki/Johannes_Gran%C3%B6
i-EebNEN3Fjuqo1eK2rRRv3X,/wiki/Axel_Alfthan
i-9bSw8ogaWR8y3VeYE83s1h,/wiki/Juhani_Araj%C3%A4rvi
i-FXge12HBsdn8k5HAufzWpc,/wiki/Ossian_Ansas
i-DSET3vjnWX2zKq1Tg2WY8p,/wiki/Viktor_Bergman
i-2Ng5Yiz94qvSG22vZM58eP,/wiki/Magnus_Bj%C3%B6rklund
i-9oxDi4BqdVHRsvWRKNPpdt,/wiki/Arthur_Castr%C3%A9n
i-NK34WfhpRdsDWxgtnU3RwV,/wiki/Johannes_Castr%C3%A9n
i-U8Vqkv62s6s7Unu6nVAn1r,/wiki/Edvin_Castr%C3%A9n
i-567gVPjPfpWGN2AoJtRfBW,/wiki/Axel_Cederberg
i-5p5n2oQzBFEtcLoN4697n7,/wiki/John_Dahlstr%C3%B6m
i-5CfC1LDFZWPPXweSotWY4z,/wiki/Johan_Teodor_Durchman
i-G84CpMDMjw6dbrVWopd4X7,/wiki/Artur_Hammarstr%C3%B6m
i-AZnkerqXAUAGLvKWER21jf,/wiki/Theodor_August_Heikel
i-Y59h3ky8p4w3hRToAKqdFq,/wiki/Walter_Heimb%C3%BCrger
i-4jWtzjmGyp5knhYQSbBe7D,/wiki/Niilo_Helander
i-M3agL2duYbF7KZKer9417T,/wiki/Gustaf_William_Hom%C3%A9n
i-FHPAoTNLQBKMuyucj1d1H8,/wiki/Karl_Oskar_Hynninen
i-E4eK7REWL1iRG4jFor7gae,/wiki/Santeri_Ivalo
i-Q5EydXH8qjLRMePzsPkUGU,/wiki/Julius_Emerik_Jansson
i-8vaPG6C2FYVaveHA3TgTDk,/wiki/Einar_August_Kalm
i-uJPhM5gzTCASn1ihrkLtX,/wiki/J._K._Kari
i-K2JJZuWLxCRWCMyDuHPCrH,/wiki/Aatami_Hermanni_Karvonen
i-9jtVjCnqH9JnweAna4Vvxn,/wiki/Richard_Labbart
i-14317JnQPTgWq1zhQNz5cf,/wiki/Mikko_Latva
i-PX1FwcYEjVrTLmnqUwwqS9,/wiki/Hugo_Lilius
i-5QyT7ZCgVopTZskW7iy7sW,/wiki/Heikki_Lindroos
i-NxYVE3KzeNrGHSJrekxTNq,/wiki/Johannes_Lundson
i-MsAZiKUoJpJxkiXUKdN7nN,/wiki/Albert_Luoma
i-YXeh8drHhcpgyiwTRWGYQB,/wiki/Isak_L%C3%B6f
i-MDfAM83g7G9zW98usAVuS1,/wiki/Guss_Mattsson
i-TyPEdHTUkNhatf9Qa8vJqR,/wiki/Antti_Mikkola
i-KVU77rhWXo9aDLh2ZiPF6L,/wiki/Walter_Parviainen
i-5wge6QMG7pAdkdDzz7CEBh,/wiki/Matti_Pietinen
i-YHMajQHP5NsMtjp6vqMN7v,/wiki/Eduard_Pol%C3%B3n
i-7WDqJ36fmBcNsdEcPvvoFQ,/wiki/Heikki_Renvall
i-4QDeS1k11PYNpY3RaZBkBL,/wiki/Victor_Magnus_Rydman
i-WjuDQ8j1vsSw67QvPoaiQn,/wiki/J._A._Salminen
i-YWG2zoJCnSjSfHuEoabeBo,/wiki/Axel_Spoof
i-Xe6zkT3ZAe6cviWkF8esyH,/wiki/Karl_Stockmann
i-RV7q872vpjZkC5xzMMKEib,/wiki/K._J._St%C3%A5hlberg
i-LQDuKjTYCeGtswAtVHen5p,/wiki/G%C3%B6sta_Sumelius
i-6FmesMshK9tPHWFPZiuwp4,/wiki/Karl_S%C3%B6derholm
i-4dMDRGTmPntuwcs7LN9WhR,/wiki/Gustaf_Johannes_Winter
i-BoCjzxB1HqWMKLwoKMFc5u,/wiki/Oskar_Guido_Tapio_Aminoff
i-EBe5dMDhz6j26QDyaC28kC,/wiki/Alexander_von_Becker
i-VJd1sRkEvmJaYFDuVLDdQx,/wiki/Michael_Leonard_von_Blom
i-SvyiLaCvhwTTq33XMRDDFu,/wiki/Artur_Edvard_von_Bonsdorff
i-HMYu9fE5ywoYGF6TqvESdP,/wiki/Hjalmar_Gabriel_von_Bonsdorff
i-6qhz6MNjaSJf4k4yzP7rko,/wiki/Tom_Hjalmar_Carpelan
i-SXNWTjE9HN5oyuWqsYxf5Y,/wiki/Leo_Ehrnrooth
i-YcDQHoEjWC4ZXi8YaWLrWD,/wiki/Kurt_Gustaf_Edvard_af_Enehjelm
i-QYXUQL1GRL9Dj9W63s5z37,/wiki/Kurt_af_Enehjelm
i-KHiayBK11WrtpMd7gYcFdd,/wiki/Hans_Henrik_Estlander
i-Xj65dQxSdAb1LuPttC4ShV,/wiki/Jakob_Bernhard_Estlander
i-Lejo7aaUSkc6PuVVEFSNg9,/wiki/Arvid_Harald_von_Fieandt
i-4SZHDeG2hZDajPY4oRm8bV,/wiki/Edvard_Furuhjelm
i-LszJ9La6sjSXEUGEBJttyo,/wiki/Hjalmar_Granfelt
i-NBjMz9hr6symL5rEHweJfZ,/wiki/Aarne_Gripenberg
i-HmF96RYdQTCuQ9kU2oPUsj,/wiki/Mauritz_Gripenberg
i-HrCdohmsxB2j5RtBj33hSU,/wiki/Bertel_Gripenberg
i-314YX7oeCU1LCaEEZaEhSZ,/wiki/Georg_Viktor_Berndt_von_Haartman
i-QyPgAFSeFwkAKAaSYDLYCy,/wiki/Edvard_Robert_Ludvig_Hedenberg
i-UgmPdquSGiPwy7BoLCfB14,/wiki/Albert_von_Hellens
i-Jb74Z384UveFVagrdpb7Gu,/wiki/Ivar_Theodor_von_Hellens
i-MT4FXbmfE3E8zXeKT2YLpS,/wiki/Johannes_Indrenius
i-LXEKkbJV1hNyAnsc347hp7,/wiki/Nils_Adolf_Lindsay_von_Julin
i-4HmWYC5LwiRyMifTd63fj7,/wiki/Akseli_Rauanheimo
i-96gtHNi3JMykzgJTM4Hx9y,/wiki/Georg_Carl_Fridolf_Kuhlefelt
i-FnbEx9QPcybRj3CQyvdiaM,/wiki/Alexander_Gabriel_Lagus
i-2zbE3PvdvoGkzS28dDgVHx,/wiki/Oscar_Alexander_von_Nandelstadh
i-rmZHPkqip2GdUg6wv32Cw,/wiki/Gustaf_Sigurd_Gideon_von_Numers
i-G4QdecQ6MsXD7WEhcFNK5v,/wiki/Edvard_Alexander_Ramsay
i-S154YmFsimHxrDU4mVt7UQ,/wiki/Einar_Ossian_Schauman
i-5UumNNakiL8LoP3LGakghw,/wiki/Constantin_Runo_Georg_von_Schoultz
i-SUa2EAYaUVdKXx1Hip3kos,/wiki/Hugo_Schulman
i-BgDmVff4RSeFszcVttKU7T,/wiki/Maximilian_Sp%C3%A5re
i-J9QVP868kjoy9GpwvRxM2v,/wiki/Henrik_Carl_Axel_Standertskj%C3%B6ld
i-CVDaphfMZ6gK7wkELrJyYe,/wiki/Wilhelm_Stjernschantz
i-5Kur5pRwoDYFaCowM5g3qa,/wiki/Viktor_Nikolai_Julius_Thesleff
i-SSeEffZt43Kvtrd9Cx5n3r,/wiki/Robert_Tigerstedt
i-R7vN6VeBQMj14FAtddnDir,/wiki/C._F._von_Wahlberg
i-E5oLMwDAgUiAxgDEhx1LcY,/wiki/Johan_Osvald_Wasastjerna
i-FcnE7JqpsivtwiXQm29xQS,/wiki/Axel_Leonard_von_Weissenberg
i-RyyZbpWVhzYMm59x53dQgk,/wiki/Ernst_von_Wendt
i-KaGZSH7hSfwSGkfQgkLx9d,/wiki/Georg_von_Wendt
i-9dg76NYKpBg8v4pLegJS4u,/wiki/Herman_Viktor_von_Willebrand
i-WSpBHvAdJZSHPeYBmp446w,/wiki/Karl_Reinhold_von_Willebrand
i-6VyAJEjFPGqiGUkstGADAg,/wiki/Frans_Gustaf_von_Winther
i-NhJsA3ABbAMLYTMuFqgSpb,/wiki/Juho_Astala
i-2kQwUtoHSwnYeLTXmLck8r,/wiki/H._G._Paloheimo
i-8jPmu3fvHohUUCeSGkkbXB,/wiki/Georg_Edgar_Candelin
i-PSA1xqURUBt3dZpg7w3Mzs,/wiki/Gustaf_G%C3%A4dda
i-YLK9ngJ3Hy7jbZ3cQDQ5eC,/wiki/Matti_Haapala
i-HRxMK8De5zRSBaXaaruAMN,/wiki/Herman_Hakulinen
i-DzJ4FMZXj9ohtdnkysVnh,/wiki/Antti_Halonen_(valtiop%C3%A4iv%C3%A4mies)
i-JZswQyxJgdrC7mcS7qxnaV,/wiki/Samuel_Heiskanen
i-FLU4GzhfjqaiKp3BXLwdWL,/wiki/Juho_Fredrik_Horelli
i-4EfZwZYPcDqVAtpcDCJzjM,/wiki/Antti_Juhana_Horttanainen
i-JMERSMLZ7UMBiKnphukX7U,/wiki/Kalle_H%C3%A4kkinen
i-KvfDtT3CDx7CE8XmxRCDRi,/wiki/Matti_Ikonen
i-G6iwQxbYxHRYyueS8LfTsP,/wiki/Kaarlo_Juhana_Inberg
i-7opW91xqgWY1nubmyDoMYU,/wiki/Kustaa_Jalkanen
i-VzA3Y3NQhrZkNndvb42d9,/wiki/Antti_Kaasalainen
i-Gep5tWKb423Qx5AQc1WMA4,/wiki/Kyösti_Kallio
i-2VUbjQp4iwPVbhLEqfvijy,/wiki/Karl_Julian_Karlsson
i-5jV2htC8TMVgqFv2bZ6tQr,/wiki/Tobias_Kirveskoski_(1859%E2%80%931931)
i-2wsSQtqSdS2J6cPYxSWnfE,/wiki/Mikko_Knuutila
i-P1yFwRyuDa5Fsq2kN6tcBh,/wiki/Urbanus_Koistinen
i-BAU3baAe7zojX4UuSwFbCY,/wiki/Oskar_Aleksander_Laakso
i-5x5MsqkbUXuBNqHADgKPVE,/wiki/Oskari_Lahdensuo
i-9DtdC6x5pi2pfrUoXBHv3k,/wiki/Juho_Mynttinen
i-7sNfEShKSv93FkVwjokJFc,/wiki/Oskar_Nix
i-GMQsuhSAwWd986Q51uYDSu,/wiki/Aatu_Okko
i-VKbGtZyZXWpUPkoMXnexMm,/wiki/Georg_Wilhelm_Paunonen
i-JeJUuLsx1ADgfUq4qMkAyZ,/wiki/Pekka_Pennanen
i-A22VbgnxUPudCU4PsdfXhZ,/wiki/Kaarle_Prusi
i-WqgsxWePjro1Bvm87VExid,/wiki/Tahvo_Riihel%C3%A4
i-DhkpMWMtWKDEBsxXhj35hc,/wiki/Pekka_Siira
i-VwHReWhJrcC7zhFiznhRg5,/wiki/Juho_Anton_S%C3%A4rkilahti
i-XkEFWENCgSbRNRHVF5Yyyb,/wiki/Juho_Snellman
i-E449mBU6gv4eXJJwuYXFvG,/wiki/Otto_Thuneberg
i-XZB82Y2Aw4ynY8jE5tThC9,/wiki/Kaarlo_Hemmo
i-8pxfJdQC3EtDNSKhcsyFq3,/wiki/Aadolf_Tikkanen
i-DsNvcZ4WKjqtgZgVHcTx2o,/wiki/Georg_Leopold_Topelius
i-LntY6DwLWnbrXMVX8nJS29,/wiki/Juho_Valmari
i-CfP1eF37sJ1qKcMK6SnTzr,/wiki/Karl_Johan_Winter
i-RE9ioS2PcNCNiD9EFU1fDJ,/wiki/Isak_August_Bj%C3%B6rklund
i-Y6h5zrKenZWNZ9m3mhTxdv,/wiki/Wilhelm_Roos
i-6RRNWfsAtFAXWdUseP8L1A,/wiki/Arnold_Melcher_Berger
i-KvF36mMpu9ZuCa6R3AoUy7,/wiki/Erik_Karanen
i-AadCTC2BzQJMamTxWgzfdo,/wiki/G._G._Rosenqvist
i-9oAGbXKxe5dgbbLMbJ63tk,/wiki/Allan_Serlachius
i-24MJDgsqqgCgQM9j64vDZY,/wiki/J._A._Maunu
i-3Yk43jdTxsejGwRJvyRtn9,/wiki/Gustaf_Arokallio
i-VrYVhWgWmsDTenThaELYuL,/wiki/Eljas_L%C3%B6nnrot_(pappi)
i-GoAtGw3V5JQjMdAfdcsfof,/wiki/Eero_Hyv%C3%A4rinen_(rovasti)
i-6cVKRtrRY14WZnaUYWPh2Z,/wiki/Josef_Joakim_Simelius
i-S8BUZ6vnbJpzzmYXeu7wqs,/wiki/Knut_Svanljung
i-8qrRwBURsh8DZrrsYhwTcH,/wiki/Verner_Malinen
i-NBh89WjkAAKD9CCqxkG37S,/wiki/Ivar_Heikel
i-5C3y3vPwK2g3nTViCkVpL4,/wiki/E._N._Set%C3%A4l%C3%A4
i-5dPrEEkSz1FYJNh3fKxGLP,/wiki/Johan_Henrik_Alkunen
i-UEYzaBGkjvQa4ih72x4yeC,/wiki/Woldemar_Backman
i-KoJBp9j1HAS2wtWnF79M1o,/wiki/Konrad_Bj%C3%B6rkst%C3%A9n
i-6rnaskjzpKMmf1BKqf1dSH,/wiki/Anton_Elving
i-EYJT4XUYCifxuQgXm8q9GN,/wiki/Oskar_Groundstroem
i-KT9fa2ehNHWytc91mC68Ag,/wiki/Aimo_Hallberg
i-KQxKFWq81XxtmGUs1mvL4r,/wiki/Juho_Heikki_Jokinen
i-EAHXCwinZpxJEmpN7f2gCG,/wiki/Vilho_J%C3%A4ms%C3%A9n
i-RdVg2ED8jziUyqAhpvSx15,/wiki/Ky%C3%B6sti_Kanniainen
i-YaBxVxSb356iXmkaP5o367,/wiki/Johan_Albert_Kosk
i-E3msfxTo8TZ2VyeUTvXSUg,/wiki/Taneli_Kurkela
i-VPkGALknWhkvyLEqpQP32A,/wiki/Magnus_Lavonius
i-AJ842ydXS7vgqvEHKBzHhk,/wiki/W._A._Lavonius
i-4VDyKAbfGyk5dYP2hRbCWd,/wiki/Konstantin_Lojander
i-2Y7nE87KujbGcxBqipXQGn,/wiki/Gustaf_Manninen
i-GsZwREPpy6D78H3Sw8e8Gm,/wiki/Yrj%C3%B6_M%C3%A4kelin
i-Vs4QzRgBgAecAXeabLq3Sy,/wiki/Kaarlo_Kristian_M%C3%A4kinen
i-UunQBxgJCJ91ySCNSRMCtw,/wiki/Isak_Oivanen
i-SZ16bZKoDB96Toq5hKxNqX,/wiki/Simo_Frithiof_Parviainen
i-WqCwSrRYdPbFEUgRi8a3PH,/wiki/Erkki_Reijonen
i-9xUHPAc9cf8T1C3qtsfCqM,/wiki/Viktor_Jedidjah_Alfred_Roos
i-WfaPXmrfKy2M88t7q4ZBr6,/wiki/Mauno_Rosendal
i-EiiQ7Jz1v4GYGMTCiMv9Cm,/wiki/Jakob_Johannes_Sederholm
i-Tntgfg5AMMxYZi9wm5H9Eo,/wiki/Aleksander_Henrik_S%C3%B6derman
i-GEJW1X9fTb76RGrRQT1Xr5,/wiki/Otto_Tuomi
i-65SvLz3peJAS3GfKEa4Jst,/wiki/Evert_Woldemar_Walld%C3%A9n
i-95kqLStAkf79wjFbzwvEWA,/wiki/Henrik_Johan_Wilhelm_Zilliacus
i-33ykiPLUFubmKhcMAMuGRr,/wiki/Axel_%C3%85lenius
i-3c3mMnWvqzrTpJhtECSCRN,/wiki/Erik_Berg
i-6C4mGB67MVbR8ENmP4bBSw,/wiki/Carl_Ragnar_af_Bj%C3%B6rkesten
i-AE2jQwCp42q2H3c7Yw4f16,/wiki/Axel_Waldemar_af_Bj%C3%B6rksten
i-AJPQWcxL1eHvoEv1DVLV5Y,/wiki/John_Waldemar_von_Bonsdorff
i-M2RVvJD7jgP4UzUVxXoUL5,/wiki/Hans_Henrik_Brummer
i-Wk2CGMXF9NZnSdq26M5ZN9,/wiki/Gustaf_Johan_Reinhold_Cedercreutz
i-Ra6DZsbiF1Qi4QsVYUsB4f,/wiki/Carl_Axel_Gustaf_von_Christierson
i-2ajE7JaFMbUYwaiy96tsv9,/wiki/Hugo_Edvard_af_Enehjelm
i-PLyPRr4UAy58WNh8KVMjYT,/wiki/Bernhard_Estlander
i-D711TKU9YcRjKQmWmQGtnW,/wiki/Paul_von_Etter_(1861)
i-2Ss1PMTbudt7KdQFdTRFcG,/wiki/Pehr_Adolf_Alf_af_Forselles
i-AgCTsSPCdS4oz5dpEzWJuw,/wiki/Claes_Edvin_Godenhjelm
i-Fqvx5ooU2nKu7WppxfCNor,/wiki/Karl_Grotenfelt
i-VhermKHM28DnXffrtUcaPR,/wiki/Albert_Ludvig_Lindsay_von_Julin
i-DoMTUzhCgrTNgKPPvWAefR,/wiki/Rolf_Jacob_von_Julin
i-U9xigf5EBj1snqzJ6rP55x,/wiki/Karl_Otto_Reinhold_Ladau
i-PsuoFALePn9dpFRG2m5nm8,/wiki/Rolf_Lagerborg
i-VMiu46ZbZQFSbhRZC35nUJ,/wiki/Carl_Gustaf_Emil_Mannerheim
i-Ag2dXchos5RbVTmHNpsiNd,/wiki/Adolf_Constantin_Mechelin
i-NWfTGCDhbu3vNXABaUGgJX,/wiki/Arthur_Pippingsk%C3%B6ld
i-Vzv6jbLwXadCgi56dVyMEE,/wiki/Erik_von_Schantz
i-Jw2DmFYzCwcZKdAPeUKz7t,/wiki/Otto_Karl_Hjalmar_Schulman
i-FDszLxa7n18J7pGWoaPo61,/wiki/Ernst_Silfverhjelm
i-VCpCJj71NdM9emY6TEMzXG,/wiki/Johan_Axel_Erik_Silfverhjelm
i-WfUQPfBkC1vMdzuPBj75qe,/wiki/Waldemar_Stjerncreutz
i-VZBCP48WcB68XodCJB2hkH,/wiki/Julius_Stjernvall
i-Gs6f3qia8y8TrjE6nzWpMi,/wiki/Hjalmar_Edvard_Tawast
i-SzVBBvxt1aGJ6jks8D2Q5W,/wiki/Rolf_Thesleff
i-YJNjrPygwHeDZiSj5b39fG,/wiki/Alarik_Uggla
i-BQTtemhRFxri8bkWA15fpW,/wiki/Hugo_Johan_Wilhelm_Wadenstjerna
i-F2TqnhZABMnKRLA6m3Wt9s,/wiki/Georg_von_Willebrand
i-G4NdDEqVRioq48p7EQbaeR,/wiki/Axel_Theodor_%C3%96rnhjelm
i-VUMq2T9TJQkqeXhFKWWYC2,/wiki/Juho_Erkki_Antila
i-XGPXP8D7JvJUuYaL7474G4,/wiki/Pekka_Anttonen
i-HfWfActQe9KZ2kYVzhw5Bm,/wiki/Adolf_Halinen
i-6w8r6hg5F7TLkSZb8KcURb,/wiki/Antti_Halonen_(valtiopäivämies)
i-NVSSVqMqZbW5m9b6RM76L8,/wiki/Aksel_Hynninen
i-Po86c6SzZBrRp2cXNt7vbS,/wiki/Juho_Jormakka
i-WKYZS9w7YwXk2iBPTNxqW8,/wiki/Juho_Herman_Jurva
i-BAA6DXrSNMcvsehisGYrrM,/wiki/Ky%C3%B6sti_Kallio
i-4kXkdxF3rVbxcCs8VoMdhA,/wiki/Kustaa_Vilhelm_Karhu
i-DmWg6kaxRcVGDxey3HZmMC,/wiki/Aleksanteri_Koivisto
i-CUH1897dUXkF8BmavDD7AX,/wiki/Aleksi_Korvenranta
i-2znNEpx3EbGDV1yemS6Ho9,/wiki/Kaarle_Ojanen_(valtiopäivämies)
i-3dVVhxTjBDNPtjwMKrwZ4S,/wiki/Erkki_Peltonen
i-NHKgqZ5VCJGJQMeRSrTD6B,/wiki/Otto_Pesonen
i-JZaNWk9mXgapfbJ3qZXW6E,/wiki/Juho_Riipinen
i-VT8ViKQJT6VrXwypXJkshs,/wiki/Juhana_Emil_Sandelius
i-7pPnGhosJBATKgUE3yEKM6,/wiki/Johan_Oskar_Terho
i-F6idYyLQmoLSLW2mo8tU2b,/wiki/Matti_Tervaniemi
i-DzP2McJdARN1V89E93Ay4t,/wiki/Bror_Axel_Thul%C3%A9
i-7qwG4w9itd5BWSXBibBhxa,/wiki/Uuno_A._Varis
i-4GpKxxaDYPL8zTYnJ5qrTa,/wiki/Kaarlo_Warvikko
i-2xbFzmJWLtL3VujRuxuuH6,/wiki/Herman_Snellman
i-3Zr6LeVrErF9UF7ecwsP1e,/wiki/Johan_Alarik_Roos
i-3KmZ2JW55We9zqnwrRNCgP,/wiki/Peter_Snellman
i-7nQwnFEu5Yk3kSApPefrFA,/wiki/Ivar_Nordlund
i-XECbcSYaNcvb5x7iyCcZ7N,/wiki/Teodor_Natanael_von_Pfaler
i-RYRLCW2s7dknqNzUos9PeB,/wiki/Gustaf_Edvard_Lybeck
i-Ef7n2WRKmjh7HiBPqvKhX5,/wiki/Lauri_Ingman
i-C9dmrUvwspHpLHXM6o1jJo,/wiki/Arthur_Hjelt
i-4JLjd6bDZEbBMJYBuR7DMV,/wiki/J._A._Mannermaa
i-3RMpW3iFEvgpKbFP34kXg8,/wiki/Werner_S%C3%B6derhjelm
i-6uBc5itfkvswdCxwfNnXyC,/wiki/Uno_Sax%C3%A9n
i-6s9yv9SowA7sBkJvmExQWV,/wiki/Theodor_Hom%C3%A9n
i-SPqs6qVLvM2YBpWYSvfLES,/wiki/Kristian_Trapp
i-RUeFTJDk4Bcmi5Q2QfrMYL,/wiki/Samuel_Gottschick
i-4hJfZcdKGCaVEoCZoUaDQz,/wiki/Jacob_Holmst%C3%A9n
i-7yLhYQui5h64ArrLmA5HiH,/wiki/Eric_Borgstr%C3%B6m
i-Mn3ZFywZU8ZfJcVx8DUemL,/wiki/Carl_Magnus_Engman
i-TwPvj87UckWE35KtsCMaGf,/wiki/Herman_H%C3%B6ckert
i-F2za3adppYaQeFqUUwomi1,/wiki/Johan_Ascholin
i-LEMEoacBNp84qL8VqhrH4x,/wiki/Fredrik_St%C3%A5hle
i-3ocbkCaKGJxUE9PNm413LR,/wiki/Johan_Solitander
i-CpsZQHqcUJ8sJsVExPYDCJ,/wiki/Pehr_Malm
i-NAH7vpemmxvbjxdoZq9z1P,/wiki/Hans_Petter_Winge
i-FRViuuMu59HXvcduvR4JJb,/wiki/Nils_Nyman
i-W6pUWxkMs3AK6Keb3vy9Bi,/wiki/M%C3%A5rten_Fredrik_Ringbom
i-AVxkEH2ndEP8Y9Rxbhajt3,/wiki/Daniel_Mattens
i-94rK59UA38i4JL2Sug6o3i,/wiki/Jakob_Elias_Granberg
i-QYxULRmLP8R5DCtgrjvZn8,/wiki/Henrik_Sovelius_(1772%E2%80%931817)
i-7pvtgkYBj65JtBKz3rwe8c,/wiki/Ernst_Fredrik_Tihlman
i-8LkpMrYhYHUCw7RiiDKYqY,/wiki/Samuel_Backman
i-S1pw6piuuiCbir7ePXdqY4,/wiki/Petter_Johan_Bladh
i-VhqCtxytxwuCQMhjHGTkar,/wiki/Johan_Fredrik_Stichaeus
i-EWnS8D5oELrZTGgrDxKuax,/wiki/Robert_Wilhelm_de_Geer
i-E8o2CUgc6j8zTErDbaEDQk,/wiki/Karl_Gustaf_Creutz
i-LTLtGArV54n8xN9SzsYhCh,/wiki/Reinhold_Johan_Rehbinder
i-VGqPqFP6tmzxhZ9q5yFquP,/wiki/Axel_Gustaf_Mellin
i-5TGtkJ2B6PNt9Twh6nvAo7,/wiki/Axel_Reinhold_Cedercreutz
i-NXVEJeG8exDqKdqBDPeqwV,/wiki/Fredrik_Ulrik_Bernt_Otto_Stackelberg
i-5kBUbZcc9W5nSQxVdQJc7R,/wiki/Olof_Cederstr%C3%B6m
i-QP5DJLaZH6HrKA2LVXwim9,/wiki/August_Filip_Armfelt
i-G4Kxx8in9vUPtEQxcVFHyA,/wiki/Gustaf_von_Kothen
i-WJyvVSfmgdVMjZNnsdy3tG,/wiki/Carl_Erik_Mannerheim
i-5wKk1hTdoAVXButE7JRL3D,/wiki/Karl_Efraim_Carpelan
i-GPf3EjMoWsMbpy1SvvWd7X,/wiki/Johan_Henrik_Munck
i-3NzetkZgoRr8VV7zjFi3ik,/wiki/Simon_Wilhelm_Carpelan
i-9NPbqrVhnEWt9rc4ue6aY7,/wiki/Ernst_Gustaf_von_Willebrand
i-9Dzc4G9y6rKN78zKhtTiwK,/wiki/Otto_Christer_Boije_af_Genn%C3%A4s
i-5eevwT5GCkMCS1gcqgfZj7,/wiki/Claes_Uggla
i-EZ7u1ySxqiV1yRWzN5MvET,/wiki/Johan_Anders_J%C3%A4gerhorn
i-EdWPU8jZb97Q5NntadXUgh,/wiki/Henrik_Johan_von_Knorring
i-2N84i2GCAKRZCDmnxUA3sR,/wiki/Berndt_Fredrik_Finckenberg
i-R8cSAzux46z13Kz116RqYq,/wiki/Svinhufvud_af_Qvalstad
i-75pSkRZ6BxTGmjSBdZULLB,/wiki/Salomon_Jakob_Finckenberg
i-V2gvXzy4yVR37t4spVqk1w,/wiki/Henrik_Robert_Sp%C3%A5re
i-RazorKnY8QnsosmjEpa7Cx,/wiki/Johan_Herman_Lode
i-7FxWCGCiKk7Yh2rkLEFLWs,/wiki/Karl_Fredrik_Rotkirch
i-4quLjNLFHWHxz6QFw9C8bN,/wiki/Axel_Herman_H%C3%A4stesko_af_M%C3%A5lag%C3%A5rd
i-ABLF8gmTUdDY82WDDDAPc5,/wiki/Fredrik_Adolf_Ramsay
i-MNNdb5hx4FpNXw9RbRm64,/wiki/Robert_Bl%C3%A5field
i-Y2mbsnjJ1pEgjBPzSdDZn,/wiki/Jacob_Wilhelm_Hisinger
i-8NLUfeFi4f6dm4dhXM28Dc,/wiki/Adolf_Johan_Lilliebrunn
i-7LoVr293hXMohtVqM8oqWd,/wiki/Henrik_Johan_Kuhlefelt
i-52UApv4BWXTp4mFaodcLRw,/wiki/Johan_Anders_Gylden%C3%A4r
i-FaKMEEfi3TMUuBz9Mb4reR,/wiki/Berndt_Henrik_Aminoff
i-ShSqKxsKjsrqLxqcDTQ4vS,/wiki/Carl_Johan_Armfelt
i-G7pBqgMojRr9AymmEtQzEN,/wiki/Carl_Edvard_Gyldenstolpe
i-LMEScfuydVjqcwbYGSxdsR,/wiki/Carl_Vilhelm_Torwigge
i-Q1N8PN7b15c7kKuCCwqBkf,/wiki/Albrecht_Fredrik_Richard_de_la_Chapelle
i-6Rx4DzZ1HhADPNH7Dp7Wbj,/wiki/Bernt_Gustaf_Eneskj%C3%B6ld
i-Jg8vmt5AqUzNo3Zv1vSBBi,/wiki/Daniel_Erik_Bosin
i-CHNGvNVciPveECbeViCjMo,/wiki/Johan_Tandefelt
i-9HnBCGhbFTEXk76zm9ALQU,/wiki/Carl_Adolf_M%C3%B6llersw%C3%A4rd
i-z1aA2KyhTnRjDaaHVeKnN,/wiki/Robert_Magnus_Brunow
i-YPUGzhWUpP3GBkQwRddPq3,/wiki/Georg_Fredrik_von_Essen
i-3jixTK21y3YVWx7rDjktd1,/wiki/Joakim_Fredrik_Lindtman
i-WU1bZzJFp2hYGt3zanqwPH,/wiki/Nils_Jonas_Gammal_Ehrencrona
i-FJzRBuP188MmWa7nk6o4Vb,/wiki/Carl_Magnus_Gripenberg
i-UTTBHu3P6dThF85VUX7WFy,/wiki/Carl_Constantin_de_Carnall
i-9JWwhn8FEqrGcWpcwD2uFj,/wiki/Erik_Johan_%C3%96rnhielm
i-Chqg2d75JTMBvZikcSgGtQ,/wiki/Petter_Silfverski%C3%B6ld
i-YYJFZMywSDXzBUdD975RJa,/wiki/Suomen_l%C3%A4hetyskunta
i-VRBKtqgHmrBZBsBfH5E1d7,/wiki/Carl_Gustaf_Lagermarck
i-X9BEgeY2cHDN4Ry1iBZd3W,/wiki/Anton_Wilhelm_von_Schantz
i-7sU3EJAqpGLKEaXLxNtHt4,/wiki/Karl_Henrik_Adlercreutz
i-TqHLa2ybuznPCSfNH3SkF7,/wiki/Gustaf_Wilhelm_Ladau
i-6a435wsx4cWSjxtKhsztTp,/wiki/Georg_Magnus_Sprengtporten
i-QWKeMQ8ikAFs3HUhpwcTcY,/wiki/Fredrik_Ehrenmalm
i-AovpAdtzwGCCHia2yCxBFW,/wiki/Hans_Henrik_Stjernvall
i-6cJ9tYpD4rnGXjRHqAXMfk,/wiki/Johan_Fredrik_von_Willebrand
i-GaVrP4AKzmi3hsgi9BrLwo,/wiki/Christoffer_Egidius_von_Hartmansdorff
i-EjTKe45emsM1M3iEM1jsbD,/wiki/Johan_Christoffer_von_Morian
i-CtQQMeujQ2FqS3AuwoqMbU,/wiki/Otto_Karl_von_Fieandt
i-P46k6zjdqv1UvTq7vDZKhg,/wiki/Magnus_Fredrik_Clementeoff
i-CEVumXnsAM6JuerGsXPqM1,/wiki/Fredrik_Segercrantz
i-vbgi84LNv1zVdZk7F59Mn,/wiki/Jonas_af_Enehjelm
i-4A9CR2nc4bk6QWfvH7vEuH,/wiki/Henrik_Gustaf_von_Knorring
i-4c3gEuiKHjvByF6d2r7pSQ,/wiki/Michael_Hisinger
i-3unhb9g6v2qnZzyU7Qh1Vh,/wiki/Gustaf_af_Stenhoff
i-MpSvLbSBufpP72uqPvupgE,/wiki/Jakob_af_Forselles
i-BtxQggZEw3AuzJaJjHSSUG,/wiki/Fredrik_Frans_Wallenstr%C3%A5le
i-TCrqeMQR8TfbBknsNKpx1w,/wiki/Knut_von_Troil
i-YSBTPHzqKxPNqhdGFhMQLx,/wiki/Bernt_Fredrik_von_Konow
i-D4E6gAdmGpe5X5b1EYPpiK,/wiki/Adam_Teodor_Langenski%C3%B6ld
i-NUWvTeBf7cVPTJBMAB6Ecj,/wiki/Fabian_af_Enehjelm
i-SfCwsq5Qek5Vh2jkQ6X17W,/wiki/Fredrik_August_von_Zansen
i-PYQaaQwp6fww67Sfuv5pS2,/wiki/Henrik_Christian_Nordenswan
i-75hgaLaGFamv4aEJpbukm5,/wiki/Karl_Arvid_Krabbe
i-S7HnBrDttPGxM4jsJ8CmK4,/wiki/Carl_Anton_Broberger
i-VA18phdeUhvnx26XSUNWwS,/wiki/Adolf_Tandefelt
i-NphcP16j5qu5ntda7ML8DP,/wiki/Petter_Klockars
i-LnkkcfDXzRGTPBMLXcE91Q,/wiki/Elias_Sipuli
i-81mG7n9PvEMxCHFBNzHxss,/wiki/Elias_Lauko
i-9BZsYbmWS7yEa4DVTcfyQH,/wiki/Juhana_Koivisto
i-6mPTi6W3Yx2xNN2gsPwhPU,/wiki/Juhana_Kinttala
i-5WNBVxJAEr72Fm2qc4LFrJ,/wiki/Elias_Hintsa
i-3QeX62WfBWmSXZfEa2V8Qq,/wiki/Tuomas_Tuomala
i-JhDuntY2zU3AnBWPkuoxUr,/wiki/Henrik_Kesti
i-2WTpAbUHcxdqr6EZLuThwv,/wiki/Henrik_Riihim%C3%A4ki
i-6M2yxGPyaMkNbCjQXWFxZC,/wiki/Juhana_Himanen
i-H8yQTopN8aD4jQGED8XKHZ,/wiki/Tuomas_Sepp%C3%A4l%C3%A4
i-3p1Nxw6gWRoVv2rt88vYC5,/wiki/Henrik_Pussila
i-34Prj111JniZxW4PsiFt7f,/wiki/Henrik_Waris
i-9tguivNUzbLPw7XBnebqv4,/wiki/Pietari_V%C3%A4%C3%A4n%C3%A4nen
i-2ktSPbgkPX87zvzbvSM2yv,/wiki/Pietari_Hoffr%C3%A9n
i-JEDCGCYNPMtpoaP1QDkcud,/wiki/Henrik_Ullgren
i-BFXGLL5T7vstV6eAeM3pFC,/wiki/Pietari_Haaranen
i-54pd7JegkLi7AJ9o4YTfQ2,/wiki/Simo_Uotila
i-tGWEqay9jMPreNU8uYRU4,/wiki/Simo_Ylinen
i-Y2voexX2oJ7ccgMez4RrAE,/wiki/Antti_Mongola
i-TDFeRLpapo8KPRobArnpEf,/wiki/Gustaf_Lemstr%C3%B6m
i-BatWG7uNejqjtwBH4edeGU,/wiki/Johan_Lundstr%C3%B6m
i-AKsnxsoVapWRnsPiZjSj3K,/wiki/Gustaf_Falck
i-ES944pFdPUxvHzos99jxZJ,/wiki/Erik_Isotalo
i-9yCuh5VFC9nkwFCb65mpa1,/wiki/Henrik_Granroth
i-Rvm4fcZPK4D2qhoK2MNv7C,/wiki/Simon_Louko
i-8ddXP3QtPr69f6uYhVcJDQ,/wiki/Pietari_W%C3%A4sti
i-Mdt7zZSbuqudjxnT1UcWMu,/wiki/Johan_Schulin
i-XxHWSADutiFLgftWhSc25j,/wiki/Henrik_Tervonen
i-YD9Lp1sCoNudYqyQbWotVS,/wiki/Johan_Kelh%C3%A4l%C3%A4
i-MixwsDneJhAzKShrxe4XzW,/wiki/Anders_Fabian_Orrhjelm
i-L5qYEMkX66L24jwk7VCB5m,/wiki/Jacob_Tengstr%C3%B6m
i-C9Liy8FfDtnT7havRNLi11,/wiki/Gustaf_Gadolin
i-2ubgZazdN7Hm8TmvgsEs2q,/wiki/Johan_Sundwall
i-Q1ibeZgVwdgK9awDnvXcF6,/wiki/Nils_Johansson_Aejmelaeus
i-5FwsSwAvDRACpPTMoKfgoq,/wiki/Isak_H%C3%B6ckert
i-SBWbVTV2f7vdAPCNzHq9rq,/wiki/Magnus_Jacob_Alopaeus
i-K5hPwdCSPc1g8TMBGcdSCj,/wiki/Ivar_Wallenius
i-LNeAt3ynhMRqUa1ahgphLr,/wiki/Johan_Henrik_Cygnaeus
i-MZfMSqHz9EQfVMc733DtHZ,/wiki/Magnus_Alopaeus_(professori)
